,PublicationDate,ProposalObjectives,Organization,Average_Score,URL,QuestionsDeadline,PrposalsDeadline,ProposalsOpening
0,7/6/2025,التعاقد مع جهة مختصة في الأنظمة الإلكترونية لأتمتة إجراءات التوظيف تدعم الذكاء الاصطناعي ,المعهد الملكي للفنون التقليدية,82.5,https://tenders.etimad.sa/Tender/DetailsForVisitor?STenderId=wIDYd7V810whLIQ1vmKKrQ==, 2025-07-16,7/22/2025, 2025-07-22 
1,7/1/2025,الاستمرار في تطوير وتحسين نماذج الذكاء الاصطناعي التوليدي في علام، بالإضافة إلى اتاحة الأدوات اللازمة لمساعدة علماء البيانات في إنشاء وتدريب ونشر النماذج بسهولة ,الهيئة السعودية للبيانات والذكاء الاصطناعي,83.0,https://tenders.etimad.sa/Tender/DetailsForVisitor?STenderId=5uaEKdTfzzBpjp09p9eVbQ==, 2025-07-26,8/1/2025, 2025-08-01 
2,6/18/2025,"
تنفيذ تطبيقات الذكاء الاصطناعي للمراقبة الذكية لأعمال المسالخ بالحج                    ",وزارة البيئة والمياه والزراعة,85.13,https://tenders.etimad.sa/Tender/DetailsForVisitor?STenderId=uT8KJTfE0RWI%208kNbwnsvw==, 2025-07-16,7/21/2025, 2025-07-21 
3,6/23/2025,"
صيانة وتشغيل الخوادم والشبكات وأنظمة المراقبة والكابلات الخاصة ببيئة تشغيل المنصات المتقدمة تشمل الصيانة الدورية والوقائية والعلاجية وقطع الغيار ومراقبة التشغيل                    ",الهيئة السعودية للبيانات والذكاء الاصطناعي,79.97,https://tenders.etimad.sa/Tender/DetailsForVisitor?STenderId=GufHEj4xAOzRye%20*@@**e8tBtw==, 2025-07-20,7/24/2025, 2025-07-24 
4,7/9/2025,مساعد افتراضي مدعوم بالذكاء الاصطناعي للمساعدة في حالات العنف مع الدعم لمدة سنة في مدينة الملك عبد العزيز الطبية بالرياض التابعة للشؤون الصحية بوزارة الحرس الوطني. ,الشؤون الصحیة بوزارة الحرس الوطني,83.28,https://tenders.etimad.sa/Tender/DetailsForVisitor?STenderId=4265OEbqdTEns7IGzs7cJQ==, 2025-07-22,7/23/2025,
5,6/26/2025,تجديد الرخص والدعم الفني للبرامج التشغيلية لمركز المعلومات الوطني. ,الهيئة السعودية للبيانات والذكاء الاصطناعي,80.5,https://tenders.etimad.sa/Tender/DetailsForVisitor?STenderId=JPWKXTvi0NhAZ6jySRaV5w==, 2025-07-06,7/27/2025, 2025-07-27 
6,6/26/2025,"
 توحيد مصادر البيانات واستخراج البيانات المرجعية والرئيسية عن طريق بناء مستودع بيانات حسب السياسات والتنظيمات الصادرة من مكتب إدارة البيانات الوطنية                    ",الهيئة العامة للولاية على أموال القاصرين ومن في حكمهم,84.95,https://tenders.etimad.sa/Tender/DetailsForVisitor?STenderId=bmLJ22SP0JGprYQ3s7BkxA==, 2025-07-23,7/27/2025, 2025-07-27 
7,7/10/2025,تشهد تقنيات الذكاء الاصطناعي تطورًا متسارعًا في مختلف القطاعات، لاسيما في القطاع الإعلامي الذي أصبح يعتمد بشكل متزايد على حلول ذكية في مجالات الإنتاج الإعلامي، وتحرير المحتوى، وتحليل البيانات، وترجمة وتلخيص المعلومات الإعلامية. وفي ضوء هذا النمو، وانطلاقًا من حرص وزارة الإعلام على تعزيز الابتكار ودعم التحول الرقمي في القطاع الإعلامي الوطني، يأتي مشروع معمل ذكاء الإعلام ليكون بيئة تقنية متكاملة تسهم في تطوير أبحاث وتقنيات الإعلام الذكي، وتمكين الكفاءات الوطنية، وتقديم حلول بحثية وتطبيقية ترتقي بجودة المحتوى والخدمات الإعلامية. ويهدف المعمل إلى تعزيز دور المملكة العربية السعودية كمركز إقليمي وعالمي رائد في تطوير وتطبيق تقنيات الذكاء الاصطناعي الإعلامي، بما يتماشى مع مستهدفات رؤية المملكة 2030. ,وزارة الإعلام - الديوان العام,85.83,https://tenders.etimad.sa/Tender/DetailsForVisitor?STenderId=5lkW82z0jv61m60mKtq6KA==, 2025-07-20,8/10/2025, 2025-08-10 
8,7/6/2025,يهدف المشروع إلى أتمتة كافة خدمات المركز وتوفيرها كمنتجات رقمية متعددة القنوات للخدمات الموجهة للمستفيد الخارجي، مع الاستفادة من تقنيات الذكاء الاصطناعي لتحليل البيانات وتحسين تجربة المستخدم، بما يساهم في تعزيز جودة الخدمات المقدمة للمستفيدين. ,المركز الوطني لتنمية الحياة الفطرية,85.62,https://tenders.etimad.sa/Tender/DetailsForVisitor?STenderId=1W3A33v9nNcWSyRPQWXUiw==, 2025-07-16,7/22/2025, 2025-07-22 
9,7/10/2025,تهدف الكراسة الى تزويد كافة المعلومات والبيانات اللازمة للموردين لتحضير وتقديم عروضهم لمشروع تطبيق حالات الاستخدام للذكاء الاصطناعي في إجراءات الموارد البشرية ، آخذين بالاعتبار جميع متطلبات تنفيذ المشروع. حيث ان المعلومات المذكورة في هذه الكراسة تهدف الى مساعدة المتقدمين في تحضير العروض. ,وزارة الموارد البشرية والتنمية الاجتماعية,84.77,https://tenders.etimad.sa/Tender/DetailsForVisitor?STenderId=6FhZZniYfxwCPbIJWs98Ew==, 2025-07-20,7/26/2025, 2025-07-26 
10,6/30/2025,توفير جميع التراخيص للمنتجات مع أحدث التحديثات والترقيات لتغطية جميع قطاعات الهيئة السعودية للبيانات والذكاء الاصطناعي والقطاعات التي تخدمها الهيئة والدعم والصيانة للتطبيقات بالإضافة إلى الخدمات الاحترافية للمنتجات. ,الهيئة السعودية للبيانات والذكاء الاصطناعي,80.47,https://tenders.etimad.sa/Tender/DetailsForVisitor?STenderId=5zjhLtqLWRDLJyyzU9FJ1w==, 2025-07-25,7/31/2025, 2025-07-31 
11,7/7/2025,لصيانة المعامل ونظم وشبكات الحاسب الالي بجامعة حائل وفروعها ,جامعة حائل,80.08,https://tenders.etimad.sa/Tender/DetailsForVisitor?STenderId=WG%203ik*@@**Dz0WtinRaFEdgIg==, 2025-07-17,8/7/2025, 2025-08-07 
12,6/25/2025,توفير أعمال الدعم الفني والتطوير المستمر لأنظمة الموارد المالية والإدارية الحكومية بجامعة أم القرى. ,جامعة أم القرى,66.91,https://tenders.etimad.sa/Tender/DetailsForVisitor?STenderId=5IIZyZAah1T8*@@**0BIKp8uMQ==, 2025-07-23,7/28/2025, 2025-07-28 
13,6/26/2025,في إطار سعينا لتعزيز كفاءة وفعالية خدمات تقنية المعلومات المقدمة للأمن العام من خلال تقديم مجموعة شاملة من خدمات التشغيل والدعم الفني، التي تهدف إلى ضمان استمرارية العمل وتحسين الأداء وتلبية احتياجات الأمن العام المتزايدة في مجال تكنولوجيا المعلومات و تشمل هذه الخدمات صيانة وتشغيل كل ما يتعلق بخدمات الذكاء الاصطناعي التي تم تطويرها بمركز تقنية المعلومات والتي تشمل خوادم منصة تحليل البيانات الذكاء الاصطناعي مستودع البيانات المركزي، وصيانة لوحات العرض ومكونات ذكاء الأعمال، بالإضافة الى خوارزميات الذكاء الاصطناعي. ,الأمن العام (التقنية والذكاء الاصطناعي),85.28,https://tenders.etimad.sa/Tender/DetailsForVisitor?STenderId=iV*@@**FTnJ2CCILymSAuGmiWQ==, 2025-07-01,7/27/2025, 2025-07-27 
14,7/6/2025,حلول وأدوات الأمن السيبراني للهيئة العليا للأمن الصناعي ,الهيئة العليا للأمن الصناعي,80.72,https://tenders.etimad.sa/Tender/DetailsForVisitor?STenderId=RQfXZ1*@@**JIiE6EdtsPGOcSg==, 2025-07-21,8/6/2025, 2025-08-06 
15,7/8/2025,تجديد الرخص والدعم الفني للأجهزة والأنظمة الامنية للبنية التحتية للإدارة العامة لتقنية المعلومات في الهيئة الوطنية للأمن السيبراني ,الهيئة الوطنية للأمن السيبراني,79.72,https://tenders.etimad.sa/Tender/DetailsForVisitor?STenderId=Q4f25eIeJGpnIka92hmwtg==, 2025-07-18,8/10/2025, 2025-08-10 
16,6/2/2025,"
يشرع مركز المعلومات الوطني في مشروع لتجديد رخص والدعم الفني لأنظمة الشبكات عالية السرعة وأنظمة الحماية.                    ",الهيئة السعودية للبيانات والذكاء الاصطناعي,72.92,https://tenders.etimad.sa/Tender/DetailsForVisitor?STenderId=rXvAsZhGNfeov7YO0Isytg==, 2025-07-14,7/17/2025, 2025-07-17 
17,7/9/2025,"تجديد رخص أنظمة الحماية والاستجابة (Cognito Detect, Cognito Recall, M365, Azure AD) وتوريد رخص إضافية لنظام Cognito Detect، بالإضافة إلى تجديد رخص فحص الثغرات الأمنية وخدمات الدعم الفني لمدة ثلاث سنوات، لضمان التوافق والاستقرار التشغيلي للأنظمة الأمنية بالوزارة. ",وزارة الطاقة,63.33,https://tenders.etimad.sa/Tender/DetailsForVisitor?STenderId=4rxwn24*@@**LMiPWQ5h6AXXAQ==, 2025-07-19,8/10/2025, 2025-08-11 
18,7/3/2025,احتياج مركز نزاهة للتدريب إلى توفير أجهزة ترجمة مع سماعات الرأس وملحقاتها. ,هيئة الرقابة ومكافحة الفساد,73.14,https://tenders.etimad.sa/Tender/DetailsForVisitor?STenderId=mDiqUq3dpgkIX40mSwZxoQ==, 2025-07-13,7/21/2025,
19,7/13/2025,توريد وتركيب طابعة احترافية رقمية. ,القوات البرية,56.2,https://tenders.etimad.sa/Tender/DetailsForVisitor?STenderId=Ml7ZdrvonRHZFwZ46FRLrg==, 2025-07-23,7/29/2025, 2025-07-29 
20,7/14/2025,صيانة وتشغيل شبكة المراقبة التلفزيونية للأنظمة المغلقة والمفتوحة بالمناطق ( نجران- جازان- تبوك) لمدة ثلاث سنوات ميلاديه ,الأمن العام ( الإدارة العامة لأنظمة الاتصالات),72.66,https://tenders.etimad.sa/Tender/DetailsForVisitor?STenderId=iq8fNu17aKfTKTCbFsLQEg==, 2025-07-24,8/14/2025, 2025-08-14 
21,6/30/2025,تطوير وتحسين تجربة واجهة المستخدم للمنتجات الرقمية (UX&UI) وعمل استراتيجية تصميم تجربة المستخدم وكذلك تصميم تجربة واجهات الموقع الالكتروني الخارجي والداخلي ,الإدارة العامة للشؤون الإدارية والمالية,73.2,https://tenders.etimad.sa/Tender/DetailsForVisitor?STenderId=QEjmjrOQSKBYw7iBvmJ6DQ==, 2025-07-10,7/16/2025, 2025-07-17 
22,7/10/2025,تعزيز الحماية والصمود ضد الهجمات السيبرانية، والمحافظة على الأصول المعلوماتية والتقنية من خلال تجديد رخص نظام الرصد والاستجابة للأجهزة الطرفية. ,الهيئة العامة للغذاء والدواء,79.37,https://tenders.etimad.sa/Tender/DetailsForVisitor?STenderId=VakYVNoh6a7REf5BOjKgFg==, 2025-07-20,7/27/2025, 2025-07-27 
23,7/3/2025,تنفيذ مشروع تشغيل وصيانة خدمات البنية التحتية وتقنية الحاسب الآلي ,جامعة جدة,79.88,https://tenders.etimad.sa/Tender/DetailsForVisitor?STenderId=8XAWC*@@**fP0pB0v5Yo5*@@**86pA==, 2025-07-13,8/3/2025, 2025-08-03 
24,7/1/2025,تأمين حلول تقنية لأستيفاء متطلبات الأمن السيبراني ,كلية الملك فهد الامنية,80.23,https://tenders.etimad.sa/Tender/DetailsForVisitor?STenderId=409A9jI4*@@**XKIiSwvh9bp6w==, 2025-07-11,8/3/2025, 2025-08-03 
25,6/16/2025,"
صيانة الأجهزة والنظم الخاصة بالتكييف والطاقة الاحتياطية والحريق لمراكز البيانات                      ",الإدارة العامة للشؤون الإدارية والمالية,79.62,https://tenders.etimad.sa/Tender/DetailsForVisitor?STenderId=5kU*@@**NzPByyjOl%20PA7iq7nA==, 2025-07-11,7/21/2025, 2025-07-22 
26,5/21/2025,لعدم توفرها في المستودعات ولحاجة العمل لها ,قوات الأمن الخاصة,79.57,https://tenders.etimad.sa/Tender/DetailsForVisitor?STenderId=c4pJP4CWVrh02mM4Gu9lUQ==, 2025-07-15,7/21/2025, 2025-07-21 
27,7/15/2025,"
تامين وتريد وتنفيذ نظام فحص الشفرة المصدرية مع الدعم لمدة 3 سنوات                    ",أمارة منطقة الرياض,65.83,https://tenders.etimad.sa/Tender/DetailsForVisitor?STenderId=kDDlA5xSWiTltI1RBasTvA==, 2025-07-25,7/31/2025, 2025-07-31 
28,6/16/2025,يهدف المشروع إلى تطوير منصة ذكية لدعم اتخاذ القرار، تعتمد على التحليل الجغرافي المكاني من خلال لوحات تحكم تفاعلية ومتكاملة مع الخرائط، لتقديم صورة موحدة وشاملة لأداء العمليات في وزارة البلديات والاسكان ,وزارة البلديات والإسكان,84.96,https://tenders.etimad.sa/Tender/DetailsForVisitor?STenderId=95CQ*@@**lZZ0TogftjmqHdKzA==, 2025-07-01,7/17/2025, 2025-07-17 
29,6/30/2025,"
بالحصول على تجديد للدعم الفني والرخص مع الشركات الأم لأنظمة تقنية المعلومات الخاصة بالهيئة وهي كالتالي: 
1.	تجديد الدعم والرخص لنظام SAS
2.	تجديد الدعم والرخص لنظام Pega                    ",هيئة الزكاة والضريبة والجمارك,66.04,https://tenders.etimad.sa/Tender/DetailsForVisitor?STenderId=vvf0DiQEGSp8pQDWwkO%20uw==, 2025-07-10,7/16/2025, 2025-07-16 
30,7/8/2025,تأمين محول منفذ الالياف الضوئية الى منفذ كيبل نحاسي (GBIC) ,النيابة العامة,52.97,https://tenders.etimad.sa/Tender/DetailsForVisitor?STenderId=jVizC1VOcCnKnYjMyZzDIA==, 2025-07-13,7/16/2025,
31,7/1/2025,تقديم المساندة الفنية لأنظمة التعليم الإلكتروني وأنظمة التدريب ,كلية الملك عبدالله للدفاع الجوي,80.08,https://tenders.etimad.sa/Tender/DetailsForVisitor?STenderId=Ztb0Qb8qfXAdRoN60v9fCA==, 2025-07-24,7/30/2025, 2025-07-31 
32,7/9/2025,توريد وتركيب نظام استدعاء التمريض لخمس منشئات صحية مستشفى العيون التخصصي مستشفى الجبيل العام مستشفى القريه العليا مستشفى الرفيعة الرعاية المديدة ,تجمع الشرقية الصحي,72.36,https://tenders.etimad.sa/Tender/DetailsForVisitor?STenderId=NxisAF3YBoys0VhTgamq7A==, 2025-07-19,7/25/2025, 2025-07-25 
33,7/15/2025,"
-	توحيد وتسهيل الوصول للخدمات
-	حوكمة الصلاحيات وحماية البيانات
-	بناء وتفعيل تطبيق الجوال لموظفي المركز
-	زيادة الكفاءة والجودة 
                    ",المركز الوطني للتنمية الصناعية,79.49,https://tenders.etimad.sa/Tender/DetailsForVisitor?STenderId=CgCxnbQNEYc4XZ4e4O%20kFw==, 2025-07-25,7/31/2025, 2025-07-31 
34,7/2/2025,تطوير نظامي اختبارات الطوارئ والاختبارات المؤسسية في المقرات الرقمية داخل الهيئة وخارجها والتأكد من عمليات تطبيق الاختبارات وتقديم الدعم الفني للحفاظ على أداء عالي للنظام ,هيئة تقويم التعليم,79.56,https://tenders.etimad.sa/Tender/DetailsForVisitor?STenderId=E200i9MOK3v5pj1liJMOjA==, 2025-07-10,8/4/2025, 2025-08-04 
35,7/2/2025,إتمام اعمال تجديد أنظمة البريد الالكتروني وحوكمة الملفات الغير مهيكلة ,الهيئة السعودية للملكية الفكرية,79.94,https://tenders.etimad.sa/Tender/DetailsForVisitor?STenderId=Jmf*@@**rY7EcKfandzwBO47gA==, 2025-07-14,7/20/2025, 2025-07-20 
36,6/29/2025,تجديد الرخص اللازمة للأدوات التقنية الخاصة بمشاركة المستفيدين في صندوق تنمية الموارد البشرية لضمان استمرارية الأعمال وتقديم الخدمات بالجودة المطلوبة. ,صندوق تنمية الموارد البشرية,79.63,https://tenders.etimad.sa/Tender/DetailsForVisitor?STenderId=0ACyR1cK1tWMhkIPREc45w==, 2025-07-19,7/30/2025, 2025-07-30 
37,7/15/2025,تطوير وصيانة أنظمة الربط التقني الداخلية والخارجية بالصندوق. ,صندوق التنمية العقارية,72.8,https://tenders.etimad.sa/Tender/DetailsForVisitor?STenderId=FVfVnDSkP0Q5a*@@**X2ilANQw==, 2025-07-25,8/15/2025, 2025-08-15 
38,6/16/2025,"
تقديم الدعم الفني لنظام تخطيط موارد المؤسسة ERP على أساس النقدي وأساس الاستحقاق المحاسبي                    ",الإدارة العامة للشؤون الإدارية والمالية,72.85,https://tenders.etimad.sa/Tender/DetailsForVisitor?STenderId=2W18kqAU9JFNSKKQjyYpWA==, 2025-07-10,7/21/2025, 2025-07-22 
39,6/25/2025,"
يشرع مركز المعلومات الوطني في مشروع لتجديد رخص والدعم الفني للسحابة الخاصة وسحابة ديم.                    ",الهيئة السعودية للبيانات والذكاء الاصطناعي,79.36,https://tenders.etimad.sa/Tender/DetailsForVisitor?STenderId=zkuKLgmagyfqcQjR7e78rA==, 2025-07-22,7/26/2025, 2025-07-26 
40,7/2/2025,"
يهدف  المشروع الى تأمين الرخص والاشتراكات اللازمة لتشغيل وصيانة الأنظمة والشبكات بأعلى مستوى من الكفاءة والأمان, تشمل اتفاقية الرخص التشغيلية لمنسوبي الوزارة وتأمين البنية التحتية, وسيتم توفير الدعم الفني المستمر, والتحديثات الدورية والتراخيص اللازمة للتشغيل السلس ولأمن الأنظمة.                    ",وزارة الصناعة والثروة المعدنية,72.3,https://tenders.etimad.sa/Tender/DetailsForVisitor?STenderId=ToIvqc29x9RY6bqbfsbEGA==, 2025-07-07,8/2/2025, 2025-08-02 
41,7/9/2025,"
تقديم خدمات الدعم الفني لنظام إطار عمل مكتب البنية التحتية التقنية ( معك )                     ",جامعة شقراء,80.2,https://tenders.etimad.sa/Tender/DetailsForVisitor?STenderId=oBXnRri5ffLawgMxI2yJ5Q==, 2025-07-16,8/9/2025, 2025-08-09 
42,7/13/2025,توريد وتفعيل تراخيص أنظمة وخوادم البنية التحتية لتقنية المعلومات ,المركز السعودي لكفاءة الطاقة,72.38,https://tenders.etimad.sa/Tender/DetailsForVisitor?STenderId=2CbTTDbgw9zjFQJrug7pjQ==, 2025-07-23,7/29/2025, 2025-07-29 
43,7/8/2025,توريد وتركيب نظام مراقبة وتحليل بيانات الشبكة والاستجابة للحوادث لأتمتة تحليل المخاطر المكتشفة لتقليل الإنذارات الخاطئة وإبراز الاختراقات المحتملة. ,الأمن العام (التقنية والذكاء الاصطناعي),80.24,https://tenders.etimad.sa/Tender/DetailsForVisitor?STenderId=DxOGJxQwaWozpFvWEL0grw==, 2025-07-18,7/24/2025, 2025-07-24 
44,6/21/2025,توريد وتركيب أجهزة تقنية المعلومات مع ملحقاتها لمجلس الضمان الصحي مع ربط أجهزة البصمة بأجهزة انذار الحريق. ,مجلس الضمان الصحي,65.74,https://tenders.etimad.sa/Tender/DetailsForVisitor?STenderId=Z7ROYDRecn8%207VA3upg0OA==, 2025-06-30,7/28/2025, 2025-07-28 
45,7/15/2025,تجديد رخص WAF&LTM Deem -DSC لسحابة ديم لمركز دعم اتخاذ القرار ,مركز دعم اتخاذ القرار,72.92,https://tenders.etimad.sa/Tender/DetailsForVisitor?STenderId=U1ZKtvADvhURQWgydJdZTQ==, 2025-07-25,7/31/2025, 2025-07-31 
46,6/8/2025,تقوية شبكة الاتصال داخـل المبـاني لمجمـع ديـوان المظالم بمنطقة مكـة المكرمـة ,ديوان المظالم,58.62,https://tenders.etimad.sa/Tender/DetailsForVisitor?STenderId=yR62J0UjCP%20j4Uz7YkRioA==, 2025-07-14,7/20/2025, 2025-07-20 
47,6/23/2025,تقديم خدمات أحترافية لتهيئة غرفة الخوادم والكبائن الخاصة بالمقسمات للشبكة ,مستشفى قاعدة الملك عبدالعزيز الجوية بالظهران,59.66,https://tenders.etimad.sa/Tender/DetailsForVisitor?STenderId=URkIZoBMrLY0lm6VIZYm*@@**w==, 2025-07-08,7/16/2025, 2025-07-16 
48,7/2/2025,"
تقديم الخدمات المدارة اللازمة لمهام مركز مراقبة الأمن السيبراني من خلال شركات متخصصة في هذا المجال.                    ",الهيئة العامة للغذاء والدواء,78.83,https://tenders.etimad.sa/Tender/DetailsForVisitor?STenderId=mn0Ml1Xxh4pN8q5h4xA%20*@@**A==, 2025-07-17,8/3/2025, 2025-08-03 
49,7/9/2025,"المنافسة خاصة بالحصول على تجديد للدعم الفني والرخص مع الشركات الأم لأنظمة تقنية المعلومات الخاصة بالهيئة وهي كالتالي: 1. تجديد الدعم الفني Labiba Live Chat 2. تجديد الدعم والرخص لنظام Performance testing tool ""NeoLoad"" 3. تجديد الدعم والرخص لنظام Lijan 4. تجديد الدعم والرخص لنظام Adobe Experience Manager 5. تجديد الدعم والرخص لنظام Axon 6. تجديد الدعم والرخص لنظام QMS 7. تجديد الدعم والرخص لنظام Informatica 8. تجديد الدعم والرخص لنظام Muneer ",هيئة الزكاة والضريبة والجمارك,63.04,https://tenders.etimad.sa/Tender/DetailsForVisitor?STenderId=Ion4eFcH3Guf%20YuiqA4EDQ==, 2025-07-29,8/9/2025, 2025-08-09 
50,7/2/2025,مشروع تجديد رخص منصة outsystems مع الدعم الفني والصيانة. ,الديوان العام لرئاسة أمن الدولة,59.24,https://tenders.etimad.sa/Tender/DetailsForVisitor?STenderId=fN*@@**X8Ha2tt1DLCop9Xw81w==, 2025-07-12,7/20/2025, 2025-07-20 
51,7/6/2025,"
تحسين مستوى الأمن السيبراني لأصولها التقنية وأنظمتها عبر تطبيق حلول متقدمة لحوكمة الهوية وادارتها وحماية البيانات وتطبيق أنظمة الحوكمة والمخاطر والإمتثال لضمان استمرارية العمل بشكل آمن. يتضمن هذا الطلب تقديم حلول وبرامج وتقنيات أمان متكاملة تهدف إلى حماية الخوادم، الأنظمة، والبيانات من التهديدات السيبرانية.                    ",هيئة الفروسية,80.97,https://tenders.etimad.sa/Tender/DetailsForVisitor?STenderId=gEwr51oHm9I9ArwTqSXrdg==, 2025-07-26,8/6/2025, 2025-08-06 
52,7/8/2025,ترغب الوزارة في تنفيذ مشروع الدعم الفني والصيانة لأنظمة الربط والتكامل وذلك حسب المواصفات الفنية وجدول الكميات، والشروط الخاصة ,وزارة الطاقة,78.68,https://tenders.etimad.sa/Tender/DetailsForVisitor?STenderId=uc9%20m18CRoyi3zpZShJVOg==, 2025-07-18,8/10/2025, 2025-08-11 
53,7/8/2025,توفير الرخص المستخدمة في الأنظمة والخدمات الرقمية في الهيئة. • خدمات الربط والتكامل • خدمات أتمتة العمليات • خدمة خرائط جوجل ,الهيئة العامة للأوقاف,78.81,https://tenders.etimad.sa/Tender/DetailsForVisitor?STenderId=2oi1nz93OOXFCY82tsRWbg==, 2025-07-11,7/24/2025, 2025-07-24 
54,7/10/2025,تأمين اجهزة لابتوب و تابلت لمكتبة الملك فهد الوطنية ,مكتبة الملك فهد الوطنية,59.15,https://tenders.etimad.sa/Tender/DetailsForVisitor?STenderId=fBvaSJXoFh3x55bdRZLxZA==, 2025-07-14,7/16/2025,
55,6/3/2025,الغرض من المنافسة هو توفير الدعم الفني لأنظمة وأجهزة الاتصالات الشبكية المستخدمة في المؤسسة العامة للري لمدة ثلاث سنوات وذلك لتلبية المتطلبات التشغيلية على سبيل المثال لا الحصر عمل التحديثات المستمرة وتقديم الصيانة والدعم في حال الحاجة. ,المؤسسة العامة للري,72.78,https://tenders.etimad.sa/Tender/DetailsForVisitor?STenderId=Mq6Xw223pHqU3Dq9boH*@@***@@**A==, 2025-07-15,7/30/2025, 2025-07-30 
56,6/30/2025,"مشروع (تكامل التقنية المالية بالجامعة) ""FinTech SYNC"" لأتمتة العمليات المالية بجامعة بيشة ",جامعة بيشة,78.66,https://tenders.etimad.sa/Tender/DetailsForVisitor?STenderId=xbbthyb3aQVav6Ejk5iMlQ==, 2025-07-15,7/16/2025, 2025-07-16 
57,7/1/2025,لتلبية طلبات الموظفين وتوفير بيئة عمل مناسبة لموظفي الوزارة لعقد الاجتماعات الافتراضية مع توفير عزل للصوت ,وزارة الطاقة,59.27,https://tenders.etimad.sa/Tender/DetailsForVisitor?STenderId=xmCf7wa%20*@@**HAlyf4vAEB67Q==, 2025-07-06,7/17/2025, 2025-07-20 
58,7/8/2025,يعني نطاق عمل هذا المشروع بتوفير منصة خاصه بإجراءات التوظيف واختبار المتقدمين في جميع المهارات المطلوبة الفنية والسلوكية واللغوية، وأدوات داعمة في عملية التوظيف بالإضافة ووجود قاعدة بيانات يمكن يربطها مع موقع الهيئة وكذلك منصات التوظيف المتخصصة وتساهم في استقطاب أفضل الكفاءات والمواهب، وتتيح للهيئة الوصول إلى مجتمع واسع من المؤهلين لملئ الشواغر الوظيفية في الهيئة. ,هيئة تطوير منطقة عسير,79.04,https://tenders.etimad.sa/Tender/DetailsForVisitor?STenderId=7JhkJ7Xl9%20fGCz*@@**htPqp3Q==, 2025-07-15,7/24/2025, 2025-07-24 
59,7/2/2025,تتطلع هيئة تطوير محمية الملك سلمان بن عبد العزيز الملكية للتعاقد مع مورد لتلبية احتياج الهيئة من خلال توريد وتخصيص نظام تقني للإشراف والمتابعة على الحوكمة والامتثال والتميز المؤسسي، والتدريب على النظام والدعم الفني. ,محمية الملك سلمان بن عبدالعزيز,79.5,https://tenders.etimad.sa/Tender/DetailsForVisitor?STenderId=63UYGbDVHBHtFCXRH9Ekcg==, 2025-07-07,7/18/2025, 2025-07-18 
60,7/10/2025,تهدف هذه المنافسة إلى دعم حلول الأمن السيبراني لدى الهيئة العامة للأوقاف وتجديد الرخص المطلوبة. SOC-ELP-12 – FDLPSIP – ENHSPT وبناء قدرات الأمن السيبراني وتوريد وتركيب الأنظمة الأمنية بما يشمل الرخص والأعمال الفنية والدعم الفني، وذلك بناءً على ً طلب هيئة الأمن السيبراني ووزارة الاتصالات وتقنية المعلومات واللجنة العليا للتحول الرقمي وأهمية التصدي للهجمات الإلكترونية للقطاعات الحكومية وحماية أمن المعلومات وتأسيس بنية تحتية لرصد كافة الثغرات وحماية امن المعلومات والعمليات. ,الهيئة العامة للأوقاف,80.97,https://tenders.etimad.sa/Tender/DetailsForVisitor?STenderId=WktqvtKRzsuuPxPfGS2*@@**FA==, 2025-07-13,7/26/2025, 2025-07-26 
61,7/8/2025,مشروع توريد وتجهيزات تقنية وموزعات شبكية وملحقاتها ,جامعة الملك فيصل,66.09,https://tenders.etimad.sa/Tender/DetailsForVisitor?STenderId=Qg2WbA7v08AvRhGsrStb1w==, 2025-07-23,7/28/2025, 2025-07-29 
62,7/7/2025,"
تطوير وتجديد رخص وخوادم نظام إدارة المعلومات والاحداث الأمنية SIEM.                     ",الهيئة العامة للغذاء والدواء,79.48,https://tenders.etimad.sa/Tender/DetailsForVisitor?STenderId=hCHEfyxm0ryDyuxJLfsZRA==, 2025-07-22,8/7/2025, 2025-08-07 
63,6/24/2025,تجديد اشتراك معجم الأدوية الآلي في مستشفى الملك خالد التخصصي للعيون ومركز الابحاث ,مستشفى الملك خالد التخصصي للعيون,72.86,https://tenders.etimad.sa/Tender/DetailsForVisitor?STenderId=wMhbF0g2*@@**xyTx*@@**ztRxOH3w==, 2025-07-10,7/17/2025, 2025-07-17 
64,7/7/2025,تجديد رخص الأنظمة الوسيطة للربط بالمنصات الحكومية ورفع جودة البيانات ,جامعة حائل,79.41,https://tenders.etimad.sa/Tender/DetailsForVisitor?STenderId=zgFMGJPoO5j0fpIxkzWy1A==, 2025-07-17,7/23/2025, 2025-07-23 
65,6/17/2025,تطوير وتحسين مكونات البنية التحتية لتقنية المعلومات لتوفير بيئة صلبة ومرنه تلبي تطلعات المركز المستقبلية وتساهم في إنجاح مشاريعه الاستراتيجية. ,مركز دعم اتخاذ القرار,78.74,https://tenders.etimad.sa/Tender/DetailsForVisitor?STenderId=oVaOisqb4ApRzDXwPFSvKw==, 2025-07-12,7/19/2025, 2025-07-19 
66,7/10/2025,لتامين مستلزمات ومستهلكات الجراحة العامة لمستشفى الملك فهد للقوات المسلحة بجدة ,مستشفى الملك فهد بجدة,80.67,https://tenders.etimad.sa/Tender/DetailsForVisitor?STenderId=cOJNUF6Bt8ro6HII6zOeoA==, 2025-07-15,7/25/2025,
67,7/14/2025,تطوير منصة وتطبيق المفقودات وتطبيق الجوال الخاص بها والتكامل مع الجهات ذات العلاقة ,الهيئة العامة للولاية على أموال القاصرين ومن في حكمهم,79.6,https://tenders.etimad.sa/Tender/DetailsForVisitor?STenderId=MnvoIYpxRSR829uqLaKk4Q==, 2025-08-03,8/14/2025, 2025-08-14 
68,7/10/2025,تصميم رنامج لإعادة بناء الحوادث ومحاكاة حوادث مركبات الطرق ,المركز الوطني لسلامة النقل,79.06,https://tenders.etimad.sa/Tender/DetailsForVisitor?STenderId=p7QUHkGtiIsjLC4*@@**1AW33w==, 2025-07-15,7/18/2025,
69,6/3/2025,تجديد تراخيص ودعم فني انظمة التخزين والجدران النارية والأنظمة المفتوحة لمركز المعلومات الوطني ,الهيئة السعودية للبيانات والذكاء الاصطناعي,72.34,https://tenders.etimad.sa/Tender/DetailsForVisitor?STenderId=UEB7bBtKpeGP9VypLlDIgQ==, 2025-07-14,7/17/2025, 2025-07-17 
70,7/3/2025,توريد وتنفيذ نظام لاحتساب تكاليف الرعاية الصحية متضمن نقل المعرفة والدعم الفني ,التجمع الصحي بمكة المكرمة,78.77,https://tenders.etimad.sa/Tender/DetailsForVisitor?STenderId=Xk0vHA3vSSxqRR8gb9l8ag==, 2025-07-13,8/3/2025, 2025-08-03 
71,7/10/2025,مشروع إحلال وتحديث نظام كاميرات المراقبة التلفزيونية وتجهيز مركز التحكم لعدد من مباني المساندة بإصلاحية الرياض ( 47/25/99 ) ,المديرية العامة للسجون,78.97,https://tenders.etimad.sa/Tender/DetailsForVisitor?STenderId=gt3WyyxnZUmvzSS0GLgbEQ==, 2025-07-20,8/16/2025, 2025-08-16 
72,6/25/2025,توفير منصة للكشف والاستجابة المتقدمة للتهديدات بجامعة ام القرى تهدف الى رفع كفاءة العمليات التقنية في مركز المعلومات بجامعة أم القرى وضمان حماية شاملة ومتكاملة لجميع الأنظمة والخدمات ,جامعة أم القرى,80.65,https://tenders.etimad.sa/Tender/DetailsForVisitor?STenderId=J*@@**Po0B*@@**4j8qaNBpLof0t4A==, 2025-07-23,7/29/2025, 2025-07-29 
73,7/6/2025,تجديد الانظمة التقنية للأمن السيبراني - امارة منطقة الحدود الشمالية ,أمارة منطقة الحدود الشمالية,81.23,https://tenders.etimad.sa/Tender/DetailsForVisitor?STenderId=fXDmd7MWSxdlYPN9O8O7Zw==, 2025-07-13,7/22/2025, 2025-07-22 
74,7/3/2025,حماية الشبكة الداخلية لمركز البيانات في صندوق التنمية الصناعي. ,صندوق التنمية الصناعية,62.14,https://tenders.etimad.sa/Tender/DetailsForVisitor?STenderId=wyRb6I*@@**VZ297K1JBzKpYdg==, 2025-07-15,7/20/2025, 2025-07-20 
75,5/15/2025,لعدم وجودة في المستودعات ولحاجة العمل لها ,قوات الأمن الخاصة,62.34,https://tenders.etimad.sa/Tender/DetailsForVisitor?STenderId=3EzraCosOGwKILdWuju2XQ==, 2025-07-20,7/21/2025, 2025-07-21 
76,5/29/2025,تعزيز البنية التحتية للأمن السيبراني ,أمارة منطقة القصيم,79.2,https://tenders.etimad.sa/Tender/DetailsForVisitor?STenderId=%20mCwlWDhtHioY8mB0p1ryg==, 2025-07-17,7/20/2025, 2025-07-21 
77,6/25/2025,تقديم خدمات التشغيل والدعم الفني لأنظمة تقنية المعلومات والبنية التحتية التقنية في الصندوق، لتطوير وتقديم منظومة خدمات شاملة في التنفيذ والدعم الفني وإدارة العمليات بشكل مركزي وضمان كفاءتها ,صندوق الشهداء والمصابين والأسرى والمفقودين,78.62,https://tenders.etimad.sa/Tender/DetailsForVisitor?STenderId=7Er1JOvTbDaarEqsJuv%20dA==, 2025-07-05,7/26/2025, 2025-07-26 
78,7/3/2025,تهدف هذه المنافسة إلى تنفيذ مشروع استراتيجي يُركّز على بناء وتطوير أداة داخلية متقدمة تُسهم في رفع كفاءة عمليات إدارة البيانات وحوكمتها. يتم ذلك من خلال توفير منصة موحدة تُعزّز التنسيق والانسيابية بين الفرق الفنية، مثل فرق هندسة البيانات وفرق تطوير التقارير والتحليلات. وتعتمد هذه الأداة على منصّات رئيسية، هما: Qlik Sense & Qlik Talend & Power BIوالتي تُمكّن من دعم مختلف جوانب التكامل، والتحليل، وإدارة البيانات. كما تهدف الأداة إلى تسهيل التفاعل المؤسسي الفعّال بين مختلف أصحاب المصلحة، بما في ذلك فرق الأعمال والمستخدمين النهائيين للبيانات، من خلال واجهات مرنة تتيح الوصول الموجّه للبيانات، وتتبع الطلبات، وتحقيق الاستخدام الأمثل للأصول المعلوماتية، ضمن بيئة آمنة ومحكومة. ,صندوق التنمية العقارية,80.82,https://tenders.etimad.sa/Tender/DetailsForVisitor?STenderId=ffQymoR2GHsSzG5Woro0aQ==, 2025-07-14,7/21/2025, 2025-07-21 
79,7/10/2025,توريد وتجديدرخص نظام تطوير برنامج إدارة الوصول لتحكم في الصلاحيات للهيئة العامة للأوقاف. ,الهيئة العامة للأوقاف,79.1,https://tenders.etimad.sa/Tender/DetailsForVisitor?STenderId=MjpafYLSZo9fVbAPDbmt2A==, 2025-07-14,7/26/2025, 2025-07-26 
80,6/30/2025,تعزيز مستوى الأمن السيبراني في البرنامج الوطني للتنمية المجتمعية في المناطق لأفضل الممارسات وتحقيق الالتزام بما تصدره الهيئة الوطنية للأمن السيبراني من سياسات وأطر ومعايير وضوابط وارشادات. والعمل على رفع مستوى الأمن السيبراني في تنمية لحماية شبكاتها وأنظمتها التقنية وبياناتها الإلكترونية من الهجمات السيبرانية والقدرة على الاستجابة للحوادث السيبرانية ,البرنامج الوطني للتنمية المجتمعية في المناطق,80.8,https://tenders.etimad.sa/Tender/DetailsForVisitor?STenderId=EznOgSBk4egPxOTKkwZeMA==, 2025-07-16,7/22/2025, 2025-07-22 
81,7/14/2025,أتمتة الضمانات البنكية ومعالجاتها وإدارة العمليات المرتبطة بها بين البنوك والهيئة من خلال منصة إلكترونية وذلك للضمانات المصدرة من قبل المكلفين باسم الهيئة كمستفيد من الضمان. ,هيئة الزكاة والضريبة والجمارك,78.01,https://tenders.etimad.sa/Tender/DetailsForVisitor?STenderId=HydU1*@@**vek%20t%20*@@**Fmao2xO%20Q==, 2025-07-24,7/30/2025, 2025-07-30 
82,6/30/2025,تقديم خدمات الدعم الفني و الصيانة و التحسينات لأنظمة البوابة الداخلية ( Microsoft SharePoint ) ,الهيئة العامة للصناعات العسكرية,59.12,https://tenders.etimad.sa/Tender/DetailsForVisitor?STenderId=z1tyXUrx9BG68PuYobzV%20w==, 2025-07-10,7/16/2025, 2025-07-16 
83,6/29/2025,"
الأمتثال لنظام حماية البيانات الشخصية وتوفير أداة لحماية البيانات الشخصية والحصول على شهادة ISO27701                    ",الهيئة السعودية للبيانات والذكاء الاصطناعي,78.57,https://tenders.etimad.sa/Tender/DetailsForVisitor?STenderId=n4q76mngOKODMQpLItGyVw==, 2025-07-24,7/30/2025, 2025-07-30 
84,6/18/2025,تجديد تراخيص ودعم فني انظمة التخزين والجدران النارية والأنظمة المفتوحة لمركز المعلومات الوطني ,الهيئة السعودية للبيانات والذكاء الاصطناعي,65.81,https://tenders.etimad.sa/Tender/DetailsForVisitor?STenderId=pxJhc4rP4pYS8wmeUW1BTA==, 2025-07-16,7/20/2025, 2025-07-20 
85,6/26/2025,"
يهدف المشروع إلى تأسيس منظومة ابتكار متكاملة داخل الهيئة تشمل تحليل بيئة الابتكار، بناء الاستراتيجية، تطوير النماذج التشغيلية، دعم الحلول الابتكارية، وقياس الأثر، بما يسهم في تحقيق التحول الرقمي وتعزيز القدرة التنافسية للهيئة.                    ",الهيئة العامة للطيران المدني,78.77,https://tenders.etimad.sa/Tender/DetailsForVisitor?STenderId=KGZiNE0r4fJwI7Eknj9CUQ==, 2025-07-11,7/20/2025,
86,7/15/2025,تطوير إطار عمل امن الحوسبة السحابية ,وزارة البلديات والإسكان,80.11,https://tenders.etimad.sa/Tender/DetailsForVisitor?STenderId=D%20VAuwYnqANxuaiQcmrrSw==, 2025-07-25,8/15/2025, 2025-08-15 
87,7/8/2025,ترغب إدارة الأمن السيبراني بالأمن العام بتطبيق سياسات الهيئة الوطنية للأمن السيبراني و تنفيذ متطلباتها للإرتقاء بمستواها السيبراني و حماية شبكتها و معلوماتها و أجهزتها مما يتطلب القيام بتجهيز منظومة إدارة الهويات والبيانات السيبرانية ,الأمن العام (التقنية والذكاء الاصطناعي),79.87,https://tenders.etimad.sa/Tender/DetailsForVisitor?STenderId=bbE1kSwqtZjT2bzm1VfekA==, 2025-07-23,8/8/2025, 2025-08-08 
88,7/13/2025,توريد كيابل ايثر نت لحاجة إدارة الاتصالات و تقنية المعلومات ,مستشفى القوات المسلحة بالقصيم,66.19,https://tenders.etimad.sa/Tender/DetailsForVisitor?STenderId=rKLb4LIDqx*@@**IzjNy3F0Zww==, 2025-07-20,7/22/2025,
89,7/3/2025,تقديم خدمات الصيانة والدعم الفني لأجهزة البنية التحتية لتقنية المعلومات بمستشفى الملك سلمان التخصصي بالطائف التابع للشؤون الصحية بوزارة الحرس الوطني ,الشؤون الصحیة بوزارة الحرس الوطني,65.6,https://tenders.etimad.sa/Tender/DetailsForVisitor?STenderId=*@@**C%20ruiFVcb0pau*@@**l4IcGkg==, 2025-07-13,7/22/2025, 2025-07-22 
90,7/15/2025,"الاشتراك في خدمة التوقيع الإلكتروني والتصديق الرقمي ""صاين"" ",الهيئة العامة للأوقاف,79.34,https://tenders.etimad.sa/Tender/DetailsForVisitor?STenderId=VBqM4SZgkTLI%20Czng5gWNw==, 2025-07-30,8/1/2025, 2025-08-01 
91,6/23/2025,صيانة وتشغيل مستودع البيانات لتمكين ودعم أنشطة ذكاء الأعمال (BI) بتوحيد مصدر للبيانات يضمن منهجية موحدة واحترافية لإدارة وحوكمة البيانات داخل تجمع الشرقية الصحي مدة تنفيذ المشروع 12 شهر ميلاديا ,تجمع الشرقية الصحي,78.76,https://tenders.etimad.sa/Tender/DetailsForVisitor?STenderId=I52jjozg8vtRztwoeCz*@@**pA==, 2025-07-03,7/24/2025, 2025-07-24 
92,6/17/2025,تهدف هذه المنافسة لتوفير التشغيل والصيانة والدعم الفني لنظام آمرني ويشمل ذلك تقديم الدعم وحل المشاكل التي تخص الربط بالنظام بالإضافة إلى توفير الدعم لنسخة تطبيق الأجهزة الذكية والتحديثات والترقيات لمواكبة التغييرات التي تتم على النظام وذلك لضمان استمرارية العمل. ,وزارة النقل والخدمات اللوجستية - الديوان العام,79.03,https://tenders.etimad.sa/Tender/DetailsForVisitor?STenderId=q5pl9f1vFqFPQNEfhbImYg==, 2025-07-07,7/17/2025, 2025-07-17 
93,7/2/2025,توريد وتركيب مماثل تدريبي لمحاكاة توزيع المياه والشبكات الداخلية مع ضمان تأمين جميع المتطلبات التي يتم توفيرها لمشروع تدريب على مماثل تدريبي توزيع المياه لتلبية احتياجات البيئة التدريبية من خلال هذا النظام التدريبي سيتمكن العملاء من التدريب على سيناريوهات التشغيل المختلفة في الوقت الفعلي والممارسات التشغيلية كذلك ضمان منح تراخيص برمجيات جديدة ومرخصة للتشغيل في للأكاديمية للمياه ,الهيئة السعودية للمياه,80.12,https://tenders.etimad.sa/Tender/DetailsForVisitor?STenderId=Rot8Sz5sGoyY3*@@**Hr05jk0A==, 2025-07-12,7/20/2025, 2025-07-20 
94,7/9/2025,"ترقية جهاز الموزع الرئيسي لشبكة أمانة منطقة القصيم بما يشمله من توريد وتركيب وتشغيل, ",أمانة منطقة القصيم,78.9,https://tenders.etimad.sa/Tender/DetailsForVisitor?STenderId=*@@**9sGri3zSfBcZEf*@@**ZNDcoQ==, 2025-07-14,7/27/2025, 2025-07-27 
95,6/3/2025,توريد جهاز مسح جيوفيزيائي سيزمي بنطاق عريض لصالح مركز الخدمات الجيولوجية ,هيئة المساحة الجيولوجية السعودية,59.04,https://tenders.etimad.sa/Tender/DetailsForVisitor?STenderId=d7Va3YOQi0wcttz8iaZc1w==, 2025-07-22,7/23/2025, 2025-07-23 
96,6/17/2025,برنامج التدقيق والالتزام بالأمن السيبراني مع الدعم الفني ,المباحث العامة,79.07,https://tenders.etimad.sa/Tender/DetailsForVisitor?STenderId=onxtlT6WVMG31UKRScQqvA==, 2025-06-27,7/20/2025, 2025-07-20 
97,7/9/2025,"
يقتضي هذا المشروع تجهيز منطقة انتظار كبار المراجعين بعرض مرئي لتسويق الفرص الاستثمارية بالمملكة وابرز الخدمات المقدمة للمستثمرين مع كامل الملحقات والأجهزة للتشغيل ، يجب على المقاول الالتزام بكافة البنود والمواصفات والشروط المضمنة في مواصفات المشروع في هذه الوثيقة                    ",وزارة الاستثمار,72.86,https://tenders.etimad.sa/Tender/DetailsForVisitor?STenderId=2CVgHgnO%20v9XB*@@**CUYDKHzQ==, 2025-07-20,7/28/2025, 2025-07-29 
98,7/2/2025,تستهدف هيئة التأمين طرح مناقصة للشركات المختصة لتقديم عروضها توريد متطلبات الاتصال المرئي لهيئة التأمين، يتضمن الطلب جميع التفاصيل الفنية والتركيب والتدريب والدعم الفني المستمر. ,هيئة التأمين,72.26,https://tenders.etimad.sa/Tender/DetailsForVisitor?STenderId=CUQivqfEuosW9%20v1D6kJ6w==, 2025-07-12,7/18/2025, 2025-07-18 
99,7/1/2025,تجديد عقد قنوات وخدمات الشات بوت مع الدعم الفني لجميع المدن الطبية والمراكز الصحية التابعة للشؤون الصحة لوزارة الحرس الوطني على نطاق المملكة. ,الشؤون الصحیة بوزارة الحرس الوطني,79.17,https://tenders.etimad.sa/Tender/DetailsForVisitor?STenderId=qj*@@***@@**ufcBVulS*@@**yY88oyT5w==, 2025-07-08,7/21/2025, 2025-07-21 
100,7/13/2025,تجديد رخص نظام إدارة المحتوى (IBM Cloud Pak for Business Automation) ونظام المعاملات ونظام الوثائق والمحفوظات ونظام مجلس الإدارة ونظام اللجان ونظام المتابعة المؤسسي لمدة (36) شهر ,هيئة الرقابة النووية والإشعاعية,79.04,https://tenders.etimad.sa/Tender/DetailsForVisitor?STenderId=*@@**Fyb3Lgp5pfA6NoGT2r0Jw==, 2025-07-23,7/29/2025, 2025-07-29 
101,6/18/2025,"يهدف المشروع إلى توفيرالخدمات لمعالجة المشاكل الحالية وتحسين حوكمة وكفاءة الربط مع منصة ""نفيس"" مع إيجاد حلول تقنية فعالة لتسريع وتقليل تكلفة الربط مع المنصة وذلك لكفاءة العمل في القطاع الصحي بالمملكة لتمكين خدمات صحية قائمة على الجودة والكفائة تلبي احتياجات المستفيدين. ",مجلس الضمان الصحي,80.11,https://tenders.etimad.sa/Tender/DetailsForVisitor?STenderId=gljcs%20CfX*@@**gE5CBcSIUt*@@**Q==, 2025-07-14,7/20/2025, 2025-07-20 
102,7/13/2025,تجديد الدعم الفني المتقدم لمنتجات مايكروسوفت لوزارة التجارة ,وزارة التجارة,62.57,https://tenders.etimad.sa/Tender/DetailsForVisitor?STenderId=1elOTgnQXCdn09S%202*@@**qdPw==, 2025-07-27,7/29/2025, 2025-07-29 
103,7/3/2025,يهدف هذا المشروع إلى تنفيذ إضافة مُصممة خصيصًا لدورة حياة المشتريات، متكاملة مع نظام SAP S/4HANA، لرقمنة وإدارة دورة حياة المشتريات من البداية إلى النهاية. ستدعم هذه الإضافة سير العمل الداخلي، وتتكامل كذلك مع الأنظمة الداخلية والخارجية بما في ذلك ونظام إدارة الوثائق (TARASUL)، ومنصة ثقة (Thiqa)، وتضمن الحوكمة، وقابلية التدقيق، والكفاءة في جميع الأنشطة المتعلقة بالمشتريات. ,الهيئة السعودية للمياه,80.19,https://tenders.etimad.sa/Tender/DetailsForVisitor?STenderId=DV5Sw11vEGBj18DpppTazQ==, 2025-07-13,7/20/2025, 2025-07-20 
104,6/30/2025,الترقية وإصلاح نظم البنية التحتية للأنظمة المعلوماتية الصحية لأرشفة وتصدير صور الأشعة (Centricity)، وترحيل البيانات وتحقيق التكامل مع النظام المعلوماتي الصحي (CareWare) المتواجد بالإدارة العامة للخدمات الطبية، وتفعيل نظام الإحصاء الطبي (Tableau) والنظام المعلوماتي الصحي للتخطيط القلبي (Muse) وربطه بالأجهزة الطبية (ECG) المتواجدة في المراكز الطبية، وتقديم خدمات الدعم الفني لمدة (ثلاثة سنوات ميلادية) بالتواجد الحضوري في المراكز الطبية الأربعة التابعة للإدارة العامة للخدمات الطبية، وتحقيق أعلى معايير الجودة الطبية، وفق متطلبات وخصائص وآلية ومعايير وضوابط وشروط معينة في المراكز الطبية التابعة للإدارة العامة للخدمات الطبية بتطبيق أعلى آليات ضبط الجودة للمعايير الطبية في متن العمليات التحليلية اليومية لإعطاء نتائج صحيحة ودقيقة بشكل منهجي ومنظم. ,الإدارة العامة للشؤون الإدارية والمالية,78.31,https://tenders.etimad.sa/Tender/DetailsForVisitor?STenderId=JuwDMIG7AnrI8514E3e8Bg==, 2025-07-10,7/16/2025, 2025-07-17 
105,7/8/2025,"
توريد وتركيب طاولات عمل ونظام دخول بمبنى الإدارة العامة لتقنية وأمن المعلومات                    ",وزارة الحرس الوطني,59.19,https://tenders.etimad.sa/Tender/DetailsForVisitor?STenderId=xZ11eWq1%20r2SqI7PiA*@@**zCw==, 2025-07-13,7/17/2025,
106,7/6/2025,تنفيذ اختبار تطبيقات أوراكل وتحليل الأداء وتوريد وتثبيت التراخيص مع الدعم الفني بمدينة الملك عبد العزيز الطبية بالرياض في الشؤون الصحية بوزارة الحرس الوطني ,الشؤون الصحیة بوزارة الحرس الوطني,62.29,https://tenders.etimad.sa/Tender/DetailsForVisitor?STenderId=0vvLKmx8qPDQSB1E8u1Nww==, 2025-07-20,7/28/2025, 2025-07-28 
107,7/14/2025,تامين برنامج اوتوكاد لأجهزة الكمبيوتر للمهندسين بوكالة الوزارة للمشروعات والصيانة ,وزارة الشـؤون الاسلامية والدعوة والارشاد,58.8,https://tenders.etimad.sa/Tender/DetailsForVisitor?STenderId=b1hcf99*@@**R1Xr1Qg*@@**vx4b5Q==, 2025-07-18,7/20/2025,
108,7/1/2025,"
تجديد الدعم الفني لنظام إدارة الصور الطبية                    ",مستشفى الملك خالد التخصصي للعيون,78.95,https://tenders.etimad.sa/Tender/DetailsForVisitor?STenderId=eb1Pvhyv3ksCJmMeWWMdGw==, 2025-07-11,7/17/2025, 2025-07-17 
109,7/14/2025,تشغيل وصيانة ودعم نظام المعلومات الصحي المركزي (Central HIS) ,وزارة الصحة الديوان العام,78.77,https://tenders.etimad.sa/Tender/DetailsForVisitor?STenderId=5Mb5deIsI6d2EPs4XqTeig==, 2025-08-03,8/17/2025, 2025-08-17 
110,6/30/2025,الترقية وإصلاح نظم البنية التحتية للأنظمة المعلوماتية الصحية لطب ومعامل الأسنان (+R4) و (LabTrac)، وترحيل البيانات وتحقيق التكامل والاقتران والترابط والتزامن مع النظام المعلوماتي الصحي (CareWare)، وتقديم خدمات الدعم الفني للأنظمة المعلوماتية الصحية لطب الأسنان (+R4) ولمعامل طب الأسنان (LabTrac) لمدة (ثلاثة سنوات ميلادية) بالمراكز الطبية الأربعة التابعة للإدارة العامة للخدمات الطبية، وفق متطلبات وخصائص وآلية ومعايير وضوابط وشروط معينة وتطبيق أعلى معايير الجودة الطبية لإعطاء نتائج تحليلية صحيحة ودقيقة بشكل منهجي ومنظم. ,الإدارة العامة للشؤون الإدارية والمالية,78.01,https://tenders.etimad.sa/Tender/DetailsForVisitor?STenderId=oFixHo5f07au*@@**dMGIRGdyg==, 2025-07-17,7/22/2025, 2025-07-23 
111,7/3/2025,"تسعى الهيئة السعودية للمياه من خلال هذه المنافسة إلى التعاقد مع جهة متخصصة لتنفيذ المرحلة الثانية من تطوير منصة ""إمداد""، وذلك في إطار توجه استراتيجي نحو التحول الرقمي الكامل في قطاع المياه. تهدف الهيئة من خلال هذه المرحلة إلى رفع كفاءة الأداء التشغيلي، وتعزيز قدرات الرقابة والحوكمة، وتمكين الجهات المعنية من الوصول الفوري والدقيق إلى البيانات والخدمات. ",الهيئة السعودية للمياه,81.01,https://tenders.etimad.sa/Tender/DetailsForVisitor?STenderId=ml6Wt9BnuYY*@@**CzA2kRPrLg==, 2025-07-13,7/20/2025, 2025-07-20 
112,6/18/2025,ترقية وتجديد تراخيص نظام الخدمات الطلابية Ellucian Banner ,جامعة الباحة,58.88,https://tenders.etimad.sa/Tender/DetailsForVisitor?STenderId=TIhsfTl5OG7e5IDCj6Ekiw==, 2025-06-28,7/19/2025, 2025-07-19 
113,7/15/2025,"
تهدف هذه المنافسة تطوير تطبيق ومنصة مستقبلهم الرقمية ويشمل التطوير تقنيات ذكية موجهة لأولياء الأمور في المملكة العربية السعودية، تهدف إلى تعزيز مشاركتهم الفاعلة في دعم رحلة أبنائهم التعليمية ومجموعة متنوعة من الأدوات التقييمية التي تُمكّن أولياء الأمور من متابعة أداء أبنائهم التعليمي وتنمية مهاراتهم وقدراتهم بشكل مستمر وفعّال بالإضافة إلى مجموعة متنوعة من الخدمات الموجهة لأولياء الأمور.
كما يشمل المشروع ضمان استمرارية أعمال النسخة الحالية من تطبيق الهواتف الذكية مستقبلهم، المتوفر على المتاجر الرسمية، مع ضمان التكامل التام بين خدمات الموقع الإلكتروني والتطبيق، لتقديم تجربة رقمية موحدة .
                    ",هيئة تقويم التعليم,80.95,https://tenders.etimad.sa/Tender/DetailsForVisitor?STenderId=4zvYi*@@**8JFTYfG23rLBnkAQ==, 2025-07-25,8/17/2025, 2025-08-17 
114,7/9/2025,تسعى الجهة إلى توحيد عملية توريد وتحديث التراخيص الفنية للبرامج والتطبيقات والأنظمة الحالية والمستقبلية وذلك لضمان كفاءة العملية وتقليل التكاليف مع ضمان استمرارية الدعم الفني وجودة الخدمات. ,وكالة الفضاء السعودية,78.81,https://tenders.etimad.sa/Tender/DetailsForVisitor?STenderId=v4L9nXu0siOGX4PCTt8fAw==, 2025-07-19,7/27/2025, 2025-07-27 
115,6/30/2025,الترقية وإصلاح نظم البنية التحتية للنظام المعلوماتي الصحي (CareWare) وللأنظمة المعلوماتية الصحية المتفرعة منه، وترحيل البيانات وتحقيق التكامل والاقتران والارتباط والتزامن مع النظام المعلوماتي الصحي لطب الأسنان (R4+) والنظام المعلوماتي الصحي لأرشفة وتصدير صور الأشعة (Centricity) المطبقة حالياً بالإدارة العامة للخدمات الطبية، وتفعيل خدمة استدعاء وتسلسل دخول المرضى (Patients Calling) وخدمة تقييم جودة الخدمات الطبية والرعاية الصحية المقدمة (Medical Services Evaluation)، وتقديم خدمات الدعم الفني والتطويري لمدة (ثلاثة سنوات ميلادية)، وفق متطلبات وخصائص وآلية ومعايير وضوابط وشروط معينة في المراكز الطبية التابعة للإدارة العامة للخدمات الطبية وتطبيق أعلى معايير الجودة الطبية لإعطاء نتائج تحليلية صحيحة ودقيقة بشكل منهجي ومنظم. ,الإدارة العامة للشؤون الإدارية والمالية,77.91,https://tenders.etimad.sa/Tender/DetailsForVisitor?STenderId=x4kvI87v6XTqUoRe3597RA==, 2025-07-17,7/22/2025, 2025-07-23 
116,6/26/2025,تهدف هذه المنافسة إلى دعم الأمن السيبراني لدى الهيئة العامة للأوقاف خلال إجراء مراجعة شاملة للأنظمة الخاصة بالهيئة لضمان اغلاق أي فجوات او ثغرات في جميع المستويات وستساهم هذه المراجعات في كشف الثغرات الأمنية ومعالجتها قبل أن تصبح مصدر خطر، مع تحسين إعدادات الأنظمة والبنية التحتية لضمان أداء أكثر كفاءة وأمانًا. ,الهيئة العامة للأوقاف,78.79,https://tenders.etimad.sa/Tender/DetailsForVisitor?STenderId=%20m*@@**fO9QLQ8hfn0RXlYwUBw==, 2025-07-14,7/20/2025, 2025-07-20 
117,7/13/2025,تأمين شرائح APN لإدارة تقنية المعلومات بإمارة منطقة عسير ,أمارة منطقة عسير,78.71,https://tenders.etimad.sa/Tender/DetailsForVisitor?STenderId=WlsHaPO4rPlET7rWndD5ig==, 2025-07-23,7/29/2025, 2025-07-29 
118,6/30/2025,تهدف المنافسة الى تجديد التراخيص والدعم الفني الخاصة بالخوادم المركزية لضمان استمرارية العمل والحصول على التحديثات الأمنية وتوفير الدعم الفني اللازم والامتثال القانوني ,جامعة نجران,66.01,https://tenders.etimad.sa/Tender/DetailsForVisitor?STenderId=qdpZh80akvfVQRGXd%209QKQ==, 2025-07-10,7/18/2025, 2025-07-18 
119,7/8/2025,تسعى جامعة ام القرى من خلال هذا المشروع الى توفير الحماية لعلامتها التجارية والأصول التقنية عن طريق الاشتراك في منصة لحماية العلامة التجارية . ,جامعة أم القرى,78.46,https://tenders.etimad.sa/Tender/DetailsForVisitor?STenderId=YRNkCPWPuGyHgkxS3dLa7A==, 2025-07-14,7/24/2025, 2025-07-24 
120,7/2/2025,تطبيق وتفعيل دعم التحكم وضبط الجودة للقرارات الطبية في التداخلات والتفاعلات والتعارضات الدوائية (MediSpan) والمساعدة في إعداد الخطط العلاجية والإسترشاد بالأصناف الدوائية البديلة المناسبة للحالات المرضية المختلفة للحد من الأخطاء الطبية، وتشغيل نظام المصادر والمراجع الطبية والأبحاث العلمية (UpToDate) لدعم الكوادر الصحية من إصدار القرارات العلاجية الإكلينيكية (ACDs) المدعمة بالأدلة العلمية وتمكين الاطلاع على الأبحاث والمصادر والمراجع الطبية والوصول إلى بنك من المعلومات ذات النوعية الغير محدودة والغير مقيدة بمختلف التخصصات الصحية لمدة (ثلاثة سنوات ميلادية)، وفق متطلبات وخصائص وآلية ومعايير وضوابط وشروط معينة في المراكز الطبية التابعة للإدارة العامة للخدمات الطبية وتطبيق أعلى معايير الجودة الطبية لإعطاء نتائج تحليلية صحيحة ودقيقة بشكل منهجي ومنظم. ,الإدارة العامة للشؤون الإدارية والمالية,77.9,https://tenders.etimad.sa/Tender/DetailsForVisitor?STenderId=cydlOrTgE%20nD19SwCklSwg==, 2025-07-17,7/23/2025, 2025-07-24 
121,7/13/2025,تجديد الرخصة السنوية لبرنامج متصفح (Lockdown Browser) ,كلية الأمير سلطان العسكرية للعلوم الصحية,55.55,https://tenders.etimad.sa/Tender/DetailsForVisitor?STenderId=SjXHGpeZ%20h1osc*@@**aoLZsdg==, 2025-07-16,7/18/2025,
122,7/10/2025,ترغب الهيئة العامة للأوقاف عمل اتفاقية إطارية لنظام إدارة خدمات تقنية المعلومات للمركز الرئيسي وفروع الهيئة ومن خلال هذه الوثيقة دعوة الشركات المتخصصة في مجال تقنية المعلومات لتقديم عروضها في هذا المجال وذلك في إطار سعي الهيئة ممثلة بالإدارة العامة لتقنية المعلومات المستمر لاستقطاب أفضل وأحدث التقنيات في شتى المجالات. ,الهيئة العامة للأوقاف,78.75,https://tenders.etimad.sa/Tender/DetailsForVisitor?STenderId=RGM*@@**Wbq25cmCI8pqiCptiA==, 2025-07-15,7/26/2025, 2025-07-26 
123,7/15/2025,منافسة تطوير نظام ادارة ومعالجة الابحاث في مركز الملك عبدالله العالمي للابحاث الطبية ,جامعة الملك سعود بن عبد العزیز للعلوم الصحیة,78.77,https://tenders.etimad.sa/Tender/DetailsForVisitor?STenderId=Zc*@@**zc6zm7JyvxCfP8ndJdw==, 2025-07-25,8/4/2025, 2025-08-04 
124,7/9/2025,توريد وتركيب كاميرات تشغيلية لمبنى التشغيل بالمرحلة الثالثة في منظومة تحلية مياه البحر بينبع ,الهيئة السعودية للمياه,61.85,https://tenders.etimad.sa/Tender/DetailsForVisitor?STenderId=stO1g1ye4GODXS0npbx3JQ==, 2025-07-17,7/20/2025,
125,7/2/2025,يسعى مركز مشاريع البنية التحتية بمنطقة الرياض بتجديد وشراء الرخص التقنية لتسير الاعمال وفقا لما هو مذكور في جدول الكميات ,مركز مشاريع البنية التحتية بمنطقة الرياض,65.07,https://tenders.etimad.sa/Tender/DetailsForVisitor?STenderId=Rn39AaJPprwOkobZwbj0pw==, 2025-07-12,7/19/2025, 2025-07-19 
126,7/8/2025,مشروع تجديد رخص أنظمة الدعم الفني و أنظمة أمن المعلومات ,المراسم الملكية,79.22,https://tenders.etimad.sa/Tender/DetailsForVisitor?STenderId=eE%20cW9pECYoEgPpFdop17g==, 2025-07-18,8/8/2025, 2025-08-08 
127,7/9/2025,تهدف امانة منطقة القصيم من خلال طرح مشروع تأسيس وتشغيل مكتب البنية المؤسسية الى تطبيق مبادئ البنية المؤسسية بما يتماشى مع استراتيجية أمانة منطقة القصيم والحصول على شهادة اعتماد البنية المؤسسية الوطنية وذلك لرفع نضج الأمانة في كفاءة التحول الرقمي. ,أمانة منطقة القصيم,71.75,https://tenders.etimad.sa/Tender/DetailsForVisitor?STenderId=Q3dk3vxtqFnscR*@@**JvNlK*@@**Q==, 2025-07-14,7/25/2025, 2025-07-25 
128,6/25/2025,مشروع توريد وتجديد التراخيص والدعم الفني لأنظمة الأمن السيبراني وتقنية المعلومات بجامعة بيشة ,جامعة بيشة,71.89,https://tenders.etimad.sa/Tender/DetailsForVisitor?STenderId=CKe3idwY0A9glwhHc1zYcQ==, 2025-07-05,7/26/2025, 2025-07-26 
129,7/13/2025,"تجديد رخص Adobe Cloud Creative All Apps , Shutterstock & Storyblocks ",وزارة الموارد البشرية والتنمية الاجتماعية,53.11,https://tenders.etimad.sa/Tender/DetailsForVisitor?STenderId=3S6Yf*@@**SbJ5Hibmg6hnVYAA==, 2025-07-23,7/29/2025, 2025-07-29 
130,6/22/2025,"صيانة الدتا سنتر في جدة من تكيف ,ومنظم الطاقة ,ومولد كهربائي ",وزارة الاستثمار,78.6,https://tenders.etimad.sa/Tender/DetailsForVisitor?STenderId=ClNN3iBI6CsaDduZA6VbXg==, 2025-07-02,7/22/2025, 2025-07-22 
131,6/26/2025,"
في العصر الرقمي الذي نعيشه في تحقيق رؤية 2030، باتت توقعات المستخدمين من المواطنين وأصحاب المصلحة منطقية وتتمحور حول أفضل خبرات للمستخدم أكثر من أي وقت مضى. وإدراكًا لهذا، نعمل على تشغيل معمل UX (سلوك المستخدم) يكون تابع لوزارة العدل. سيكون هذا المرفق بمثابة مركز للمستخدم لأجل البحث والاختبار والابتكار والمراقبة، لخدمة المستخدم اثناء استخدام المنصات الرقمية.
تكاليف وثائق المنافسة

                    ",وزارة العدل - الديوان العام,78.91,https://tenders.etimad.sa/Tender/DetailsForVisitor?STenderId=GY60NEAwNifU%20%20Pgzpxhkw==, 2025-07-06,7/30/2025, 2025-07-30 
132,7/7/2025,تجديد الرخص الحالية وتشغيل إدارة خدمات تقنية المعلومات باشتراك لمدة سنة ونصف (18 شهر) تبدأ صلاحية الرخص والدعم الفني عند انتهاء الرخصة الحالية ,هيئة تطوير منطقة عسير,78.45,https://tenders.etimad.sa/Tender/DetailsForVisitor?STenderId=U6bovpSwgx3XYEetwvyttA==, 2025-07-14,7/23/2025, 2025-07-23 
133,6/26/2025,"
تجهيز البنية التحتية الشبكية لمبنى صيانة الأسلحة بقيادة القوة الخاصة للأمن والحماية بمشروع نيوم                     ",القوات الخاصة للأمن والحماية,71.42,https://tenders.etimad.sa/Tender/DetailsForVisitor?STenderId=fMgclyLgLvCCjj0819YacA==, 2025-07-06,7/16/2025,
134,7/9/2025,مشروع يهدف إلى قياس نضج القنوات والخدمات الرقمية في صندوق التنمية العقارية وفق أفضل الممارسات، وتوظيف الأدوات والتقنيات الحديثة لتحسين الكفاءة الرقمية، ورفع جودة الخدمات، وتعزيز قدرة الجهة على مواكبة متطلبات التحول الرقمي ومعالجة المستندات ,صندوق التنمية العقارية,79.88,https://tenders.etimad.sa/Tender/DetailsForVisitor?STenderId=Mtma61m*@@**eg9Xb5U1HlvOaw==, 2025-07-22,7/27/2025, 2025-07-27 
135,7/3/2025,تسعى (الهيئة السعودية للسياحة) على استمرار الدعم الفني وأعمال الصيانة والتطوير على النظام الحالي لإدارة الأرشيف والمحفوظات (محفوظات) لضمان العمل عليه بكفاءة عالية واستمرار الخدمة بدون انقطاع. ,الهيئة السعودية للسياحة,65.11,https://tenders.etimad.sa/Tender/DetailsForVisitor?STenderId=wcBxYxlIUhC9NEtFSNKuLg==, 2025-07-13,7/20/2025, 2025-07-21 
136,7/10/2025,يهدف المشروع إلى إنشاء منصة مركزية موحدة للوحات المعلومات (Dashboards) لصندوق التنمية الوطني، تعمل كمستودع بيانات مركزي (Enterprise Data Warehouse) يدعم التحليل الفوري واتخاذ القرارات الاستراتيجية بالاعتماد على بيانات دقيقة ومحدثة. تمكّن هذه المنصة المستخدمين من الوصول إلى التقارير ولوحات المعلومات عبر بوابة موحدة، مما يسهم في تعزيز مرونة الاستخدام وسهولة تحليل البيانات. ,صندوق التنمية الوطني,83.58,https://tenders.etimad.sa/Tender/DetailsForVisitor?STenderId=dq6yqjx2gRNss8OzwnvcSQ==, 2025-07-20,7/26/2025, 2025-07-26 
137,6/17/2025,لما كانت جامعة الطائف متمثلة بعمادة تقنية المعلومات قد سبق لها وقامت بالإشراف على تطبيق وتفعيل منظومة المعلومات الجامعيـــــة الأكاديمية والمالية والادارية والخدمات الالكترونية التابعة لها، وحيث انه قد انتهت فترة الضمان لهذه الأنظمة، قررت الجامعة طرح المنافسة الحالية لتقديم خدمات الدعم الفني للمنظومة الجامعية للأنظمة الأكاديمية والمالية والادارية والخدمات الالكترونية لمدة سنة ميلادية حسب الشروط والمواصفات الواردة والموضحة أدناه. ,جامعة الطائف,72.2,https://tenders.etimad.sa/Tender/DetailsForVisitor?STenderId=TtcNcrAcPOdxEQCWYk*@@**JQg==, 2025-07-16,7/22/2025, 2025-07-23 
138,7/10/2025,توفير وتطوير ودعم تطبيق شامل للخدمات الرقمية المقدمة مركزياً بمدينة الملك عبد العزيز الطبية بالرياض وتخدم جميع المرضى في الشؤون الصحية بوزارة الحرس الوطني في جميع المناطق ,الشؤون الصحیة بوزارة الحرس الوطني,80.39,https://tenders.etimad.sa/Tender/DetailsForVisitor?STenderId=bwyDPFvFuHm%20Uu3bkJxPUw==, 2025-07-31,8/11/2025, 2025-08-11 
139,6/19/2025,برمجة نظام التشغيل وتحميل سوفت وير الخرائط لعدد (1) رادار ساحلي من نوع (SPERRY MARINE) موديل (FT-250) بنقطة مركز الحمراء بقطاع جدة وبرمجة وتحميل سوفت وير خرائط البحر الأحمر لعدد (16) شاشة جهاز الخرائط بالزوارق الإعتراضية فئة (16.87م) التابعة للقطاعات (جدة ، القنفذة ، رابغ ، الليث ، قاعدة حرس الحدود الساحلية الوسطى بالبحر الأحمر) بمنطقة مكة المكرمة ,حرس الحدود,71.7,https://tenders.etimad.sa/Tender/DetailsForVisitor?STenderId=Kx5pTzRQ4fNrFjWmnZu1kg==, 2025-07-14,7/16/2025, 2025-07-16 
140,5/29/2025,يهدف المشروع إلى تجديد رخص أنظمة برامج الجوال للمجلس القائمة والعمول بها ,مجلس الضمان الصحي,71.55,https://tenders.etimad.sa/Tender/DetailsForVisitor?STenderId=VckcxcmTLPODUlxnpDaezQ==, 2025-07-09,7/17/2025, 2025-07-17 
141,7/10/2025,تنفيذ وإدارة وصيانة برامج حماية الأجهزة والخوادم (مكافحة الفيروسات). ويتضمن هذا المشروع تحديد أفضل حلول مكافحة الفيروسات وتطبيقها على الأجهزة والخوادم والشبكات وتحديث هذه البرمجيات ومراقبتها باستمرار للكشف عن البرامج الضارة (البرمجيات الخبيثة) ومنعها وإزالتها مثل الفيروسات وأحصنة طروادة وبرامج الفدية وبرامج التجسس. وفقا لكراسة الشروط والمواصفات الخاصة بهذه المنافسة. ,جامعة الأميرة نورة بنت عبدالرحمن,61.31,https://tenders.etimad.sa/Tender/DetailsForVisitor?STenderId=NuD%20tMPN*@@**K8EvXvqqou36g==, 2025-07-20,7/29/2025, 2025-07-29 
142,6/22/2025,ترغب القوات الخاصة للأمن والحماية في تحديث الشبكة الهاتفية بالأعداد والمواصفات المبينة في جدول المواصفات الفنية. ,القوات الخاصة للأمن والحماية,71.14,https://tenders.etimad.sa/Tender/DetailsForVisitor?STenderId=Ye3mrmOA3hm8wkFJizCDRg==, 2025-07-16,7/23/2025,
143,7/13/2025,"
  تأمين هواتف شبكية مع الرخص                                      ",مستشفى الملك خالد التخصصي للعيون,58.7,https://tenders.etimad.sa/Tender/DetailsForVisitor?STenderId=HJ0qZwDDUjboo02ChgVmnA==, 2025-07-16,7/20/2025,
144,7/3/2025,تجديد رخص أنظمة المراقبة SolarWinds & AppDynamics ,الهيئة العامة للصناعات العسكرية,62.32,https://tenders.etimad.sa/Tender/DetailsForVisitor?STenderId=B41UCmJCa5lrOkR87xE7Wg==, 2025-07-13,7/19/2025, 2025-07-19 
145,7/14/2025,تقديم خدمات الدعم الفني والصيانة الدورية والزيارات الميدانية لدعم كافة أنظمة المرافق والأجهزة في المبنى وأن تكون متكاملة وباتفاقية مستوى الخدمة ومؤشرات أداء وتقارير دورية، ويسعى المركز بأن يعمل على حلول استباقية لأنظمة المرافق بالإضافة الى دعم إدارة المرافق وتقنية المعلومات وضمان جودة الخدمة. ,المركز الوطني لإدارة الدين,78.29,https://tenders.etimad.sa/Tender/DetailsForVisitor?STenderId=6imrpDhS2fW64AXDhfdefg==, 2025-07-19,7/22/2025,
146,6/29/2025,ترغب جامعة الامام محمد بن سعود الاسلامية دعوة المقاولين المتخصصين ـ والذين لديهم القدرة والرغبة والخبرة لتنفيذ المنافسة وهي توفير اشتراكات برامج محدده نوعيا وكميا وزمنيا سلفا من الإدارة العامة للأمن السيبراني وبغرض الاستخدام والتشغيل في اطار الالتزام القانوني لأصحاب الملكية التابع لها ملكية تلك البرامج، وذلك لإرسال عروض ملائمة وفقا للمواصفات الفنية والشروط الخاصة الموجودة بهذه الكراسة. وسيتيح هذا المشروع التمكن من الحفاظ على أصول الجامعة التقنية واستمرار العمليات التشغيلية للأنظمة الخاصة بحماية الجامعة من الهجمات والتهديدات السيبرانية. ,جامعة الامام محمد بن سعود,78.94,https://tenders.etimad.sa/Tender/DetailsForVisitor?STenderId=p%20ndeWD2b8DdjwfltIhY9g==, 2025-07-14,7/22/2025, 2025-07-22 
147,7/6/2025,ترغب الهيئة العامة للمنشآت الصغيرة والمتوسطة باستبدال الأجهزة التقنية التابعة لها بأجهزة تقنية جديدة من خلال التعاقد مع مورد مختص لتنفيذ النطاق المطلوب والمكون من : 1- توريد أجهزة 2- استبدال الأجهزة ,الهيئة العامة للمنشآت الصغيرة والمتوسطة,71.66,https://tenders.etimad.sa/Tender/DetailsForVisitor?STenderId=rdrWrxf23Z*@@**4rPUrCMG1FQ==, 2025-07-16,7/24/2025, 2025-07-24 
148,6/30/2025,"
تفعيل اشتراك الهيئة في المجلس الاستشاري لشركة جارتنر                    ",الهيئة السعودية للبيانات والذكاء الاصطناعي,58.91,https://tenders.etimad.sa/Tender/DetailsForVisitor?STenderId=op69bFT0txywaAGhy63Dow==, 2025-07-10,7/16/2025, 2025-07-16 
149,7/1/2025,الاستفادة من قاعدة بيانات شركة (Euromonitor) في إعداد وتنفيذ الدارسات والمسوحات التغذوية للتعرف على الحالة التغذوية للمجتمع ,الهيئة العامة للغذاء والدواء,65.14,https://tenders.etimad.sa/Tender/DetailsForVisitor?STenderId=DKC41*@@**kcxm1BNgFZF0WnuA==, 2025-07-18,7/20/2025, 2025-07-20 
150,7/7/2025,منافسة تجديد خدمات الدعم الفني والصيانة لنظام تخطيط موارد المنشأة ,جامعة الأميرة نورة بنت عبدالرحمن,79.53,https://tenders.etimad.sa/Tender/DetailsForVisitor?STenderId=amyxDq0xxlgDH5unIxjwig==, 2025-07-17,8/7/2025, 2025-08-07 
151,7/6/2025,تقديم خدمات الدعم الفني لخوادم (Red Hat) والذي يهدف إلى دعم البنية التحتية لتقنية المعلومات بالهيئة ويحافظ على استمرارية خدمات تقنية المعلومات بتوفير الدعم التقني اللازم من مختصي الأنظمة في الشركة المصنعة (Red Hat). ,الهيئة السعودية للمياه,58.61,https://tenders.etimad.sa/Tender/DetailsForVisitor?STenderId=Fr9*@@**pax*@@**OMMxdW0T*@@**zomjQ==, 2025-07-16,7/22/2025, 2025-07-22 
152,6/19/2025,ترغب وزارة الخارجية في تمديد تخصيص الطيف الترددي لمشروع تشغيل وصيانة أنظمة الأقمار الصناعية للممثليات، بهدف استمرارية الأعمال وحجز النطاق الترددي لمدة سنة إضافية بعد نهاية العقد الحالي للمشروع ,وزارة الخارجية - الديوان العام,62.41,https://tenders.etimad.sa/Tender/DetailsForVisitor?STenderId=icJsAoafhnGamdiSnLNUrQ==, 2025-07-15,7/16/2025, 2025-07-17 
153,7/8/2025,منافسة مشروع إنشاء وتطوير منصة موحدة لتحصيل الفواتير المالية وربطها بالمنصات الحكومية بجامعة الملك سعود بن عبدالعزيز للعلوم الصحية ذات الاعلان رقم كاساو/2025/048 ,جامعة الملك سعود بن عبد العزیز للعلوم الصحیة,78.99,https://tenders.etimad.sa/Tender/DetailsForVisitor?STenderId=Uvpajs*@@***@@**0x9C59j6IvZS6Q==, 2025-07-18,7/24/2025, 2025-07-24 
154,6/30/2025,تشغيل و صيانة الحاسب الالي بجامعة الملك فيصل ,جامعة الملك فيصل,62.07,https://tenders.etimad.sa/Tender/DetailsForVisitor?STenderId=1ZWoDCXTgCRTDKrhQdrdcg==, 2025-07-10,8/5/2025, 2025-08-06 
155,7/2/2025,مشروع تشغيل وتطوير تطبيق مستجيب لهيئة الهلال الأحمر السعودي ,هيئة الهلال الأحمر السعودي,78.46,https://tenders.etimad.sa/Tender/DetailsForVisitor?STenderId=SaIAoHaRz0RkmBlqw1Hhqg==, 2025-07-12,8/2/2025, 2025-08-02 
156,7/3/2025,تجديد رخص أدوات إدارة وحوكمة البيانات ودليل البيانات والدعم الفني ,وزارة الموارد البشرية والتنمية الاجتماعية,78.56,https://tenders.etimad.sa/Tender/DetailsForVisitor?STenderId=FQBfbgojPzEsnoIC5oPFew==, 2025-07-13,7/19/2025, 2025-07-19 
157,7/10/2025,إدارة الأجهزة المكتبية والتحديثات الامنية ,جامعة الملك عبدالعزيز,71.83,https://tenders.etimad.sa/Tender/DetailsForVisitor?STenderId=Z8cvpd3hPAASYrWo1xVuMg==, 2025-07-22,7/27/2025, 2025-07-27 
158,7/6/2025,"تأمين مستلزمات قسم الأشعة COMPACT DISC RECORDABLE ( CD-R ),MEDICAL DISC PUBLISHER MODEL:VIRTUA-2, COMPATIBLE WITH CODONICS ",مستشفى قوى الأمن بمنطقة مكة المكرمة,51.03,https://tenders.etimad.sa/Tender/DetailsForVisitor?STenderId=VF50OvCklJH*@@**ZcdJDEGFDA==, 2025-07-14,7/17/2025,
159,7/3/2025,يعتزم صندوق التنمية الوطني التعاقد مع مزود خدمات مدارة متخصص في تقنيات المعلومات، يمتلك الخبرة والكفاءة اللازمة لتشغيل ودعم أنظمة الخزينة القائمة على حلول Finastra، وبشكل خاص Fusion Summit وFusion Risk، وذلك بهدف تحسين أداء وموثوقية عمليات الخزينة، وضمان استمرارية الأعمال ورفع الكفاءة التشغيلية والجاهزية التقنية. ,صندوق التنمية الوطني,78.41,https://tenders.etimad.sa/Tender/DetailsForVisitor?STenderId=OJvjrWb6XyrmrQq8tdu3xA==, 2025-07-18,8/3/2025, 2025-08-03 
160,6/26/2025,"
تجديد نظام فحص وتقييم الثغرات على مستوى الشبكة ( 46/25/88 )                    ",المديرية العامة للسجون,78.43,https://tenders.etimad.sa/Tender/DetailsForVisitor?STenderId=YvZtleEYvOZOmcFj7v7f9A==, 2025-07-06,8/4/2025, 2025-08-04 
161,7/15/2025,تهدف هذه المنافسة إلى تطبيق وتفعيل نظام الدخول الموحد (SSO) المتكامل مع Oracle EBS، النظام القائم حاليا بالوزارة شاملاً توريد الاشتراكات الرسمية (الرخص) للنظام من الشركة الأم، وخدمات الدعم الفني والتكامل مع البنية التحتية التقنية القائمة لدى الوزارة ,وزارة الاتصالات وتقنية المعلومات - الديوان العام,78.16,https://tenders.etimad.sa/Tender/DetailsForVisitor?STenderId=TsBYKd9PVxGgAxsyvPkfCw==, 2025-07-20,7/31/2025, 2025-07-31 
162,6/25/2025,تسعى هيئة الزكاة والضريبة والجمارك بتحسين غرف التقاضي بالسجون لجميع مناطق المملكة. ,هيئة الزكاة والضريبة والجمارك,71.48,https://tenders.etimad.sa/Tender/DetailsForVisitor?STenderId=vFjiZSSutUSKQMruaSLplg==, 2025-07-16,7/20/2025, 2025-07-20 
163,7/6/2025,نظام إدارة حزم التحديثات والإصلاحات للأنظمة والتطبيقات والأجهزة ,أمارة منطقة الحدود الشمالية,78.18,https://tenders.etimad.sa/Tender/DetailsForVisitor?STenderId=dSVN7J4j%20zOnClOT1T5WBw==, 2025-07-13,7/22/2025, 2025-07-22 
164,6/23/2025,توريد رخص وبرامج لهيئة المساحة الجيولوجية السعودية ,هيئة المساحة الجيولوجية السعودية,65.32,https://tenders.etimad.sa/Tender/DetailsForVisitor?STenderId=3qK77mcxz4SfqtOYxemfjA==, 2025-07-17,7/24/2025, 2025-07-24 
165,7/9/2025,تحسينات الأنظمة المؤسسية المرحلة الثانية ,وزارة الرياضة,71.79,https://tenders.etimad.sa/Tender/DetailsForVisitor?STenderId=w7CdOrKwJvXt69zJi2RQWw==, 2025-08-06,8/13/2025, 2025-08-13 
166,7/14/2025,"
صيانة ودعم وتطوير الملف الطبي الالكترونيOasis Plus لمستشفيات تجمعات الطائف و جدة  والباحة الصحية                     ",وزارة الصحة الديوان العام,71.74,https://tenders.etimad.sa/Tender/DetailsForVisitor?STenderId=7upo2NiMhjeqq8UHsFiDrQ==, 2025-08-10,8/17/2025, 2025-08-17 
167,7/8/2025,مشروع تحديث البنية التحتية لنظام امن المعلومات F5 بمركز البيانات الرئيسي ,جامعة الملك فيصل,78.12,https://tenders.etimad.sa/Tender/DetailsForVisitor?STenderId=lgcualxnv9iQuF8smJ*@@**31A==, 2025-07-21,8/10/2025, 2025-08-11 
168,7/10/2025,تجديد وتوريد وتشغيل الرخص والبرامج التشغيلية لموظفي الهيئة من البرامج الأساسية والهامة لمدة سنتين ,هيئة تطوير منطقة عسير,58.0,https://tenders.etimad.sa/Tender/DetailsForVisitor?STenderId=HeVBPETRXJmNW1MrSy1LGw==, 2025-07-17,7/28/2025, 2025-07-28 
169,7/14/2025,"
تقديم الدعم الفني لنظام ادارة الاصول الهندسية                    ",مستشفى قوى الأمن بالدمام,79.05,https://tenders.etimad.sa/Tender/DetailsForVisitor?STenderId=6CSsb4r0txddGgyaTUSI5A==, 2025-07-17,7/19/2025,
170,7/3/2025,تشغيل نظام يمكن لمقدمي الرعاية الصحية إملاء الملاحظات الطبية عن طريق التحدث لجهاز ميكرفون ويتم نقل هذه المعلومات مباشرة على النظام الطبي على ان يكون مدة تنفيذ المشروع 12شهرا من بعد توقيع العقد ومدة اعمال الدعم الفني بعد استلام المشروع النهائي 36 شهرا ,تجمع الشرقية الصحي,79.52,https://tenders.etimad.sa/Tender/DetailsForVisitor?STenderId=zK%20IVqFQLt3lsIGucKI%20FA==, 2025-07-15,8/4/2025, 2025-08-05 
171,7/13/2025,"
تسعى إدارة الاستثمار في صندوق التنمية الوطني الى تلقي مقترحات من قبل مزودي الخدمة المتخصصين لتقديم حل يساعد الإدارة على الحصول والبحث والمقارنة بين الصناديق الاستثمارية المحلية و العالمية لدعم عمليات الصندوق والمساعدة في الفحص النافي للجهالة وتبسيط اختيار المديرين.                    ",صندوق التنمية الوطني,78.45,https://tenders.etimad.sa/Tender/DetailsForVisitor?STenderId=iyDQO*@@**Kwqtl*@@**Cmf*@@***@@**Eh1Vw==, 2025-07-26,7/29/2025, 2025-07-29 
172,7/15/2025,"
الغرض من هذه المنافسة هو توريد قطع غيار جديدة لأجهزة تقنية المعلومات ( طابعات / ماسحات ضوئية )                     ",الشؤون الصحیة بوزارة الحرس الوطني,55.14,https://tenders.etimad.sa/Tender/DetailsForVisitor?STenderId=052Bv%20cqjwXzEmnZwfHWkQ==, 2025-07-25,7/31/2025, 2025-07-31 
173,6/26/2025,توريد كاميرات المراقبة التلفزونية وملحقاتها ,المديرية العامة للسجون,65.15,https://tenders.etimad.sa/Tender/DetailsForVisitor?STenderId=q7iUhjCUqx1RBdzwabw1Ng==, 2025-07-06,7/22/2025, 2025-07-22 
174,7/3/2025,"
تجديد رخص أدوات جودة البيانات والدعم الفني                    ",وزارة الموارد البشرية والتنمية الاجتماعية,78.74,https://tenders.etimad.sa/Tender/DetailsForVisitor?STenderId=s9cQpmkvC4EHEPcYvVy%201g==, 2025-07-13,7/19/2025, 2025-07-19 
175,7/6/2025,مشروع اداوات تحليل وعرض البيانات ,الرئاسة العامة لهيئات الأمر بالمعروف والنهي عن المنكر,78.92,https://tenders.etimad.sa/Tender/DetailsForVisitor?STenderId=%20U906DwJHa9fT8zH7mqSmQ==, 2025-07-16,7/22/2025, 2025-07-22 
176,7/13/2025,مشروع توريد وتركيب برامج لكلية الصيدلة قسم الطالبات بجامعة الملك سعود ,جامعة الملك سعود,58.02,https://tenders.etimad.sa/Tender/DetailsForVisitor?STenderId=GJMMrHmEchrDeh8Z1RX4Fg==, 2025-07-23,7/29/2025, 2025-07-29 
177,5/27/2025,ترغب الهيئة السعودية للمياه بتجديد رخص نظام إدارة سجلات الأحداث ومراقبة السجلات من أجل استمرار تعزيز وضعها الأمني وحماية أصولها والمساعدة في ضمان عملياتها الأمنية، دون التأثير على أعمالها. ,الهيئة السعودية للمياه,77.89,https://tenders.etimad.sa/Tender/DetailsForVisitor?STenderId=*@@**%20kKv5HHRsKvoL9p*@@**NxijA==, 2025-07-20,7/22/2025, 2025-07-22 
178,7/14/2025,توريد وتركيب ودعم وصيانة وتهيئة النظام الصوتي بالقاعة التنفيذية في الشؤون الصحية بوزارة الحرس الوطني بالرياض ,الشؤون الصحیة بوزارة الحرس الوطني,58.02,https://tenders.etimad.sa/Tender/DetailsForVisitor?STenderId=0KDVtCd8ykTPZzWAZnfJLg==, 2025-07-24,8/4/2025, 2025-08-04 
179,6/30/2025,احتياج مجمع الملك فيصل وبرج النساء والولادة بالطائف ,تجمع الطائف الصحي,78.37,https://tenders.etimad.sa/Tender/DetailsForVisitor?STenderId=2eOXF202bxzVq8KVrEZSJA==, 2025-07-10,7/16/2025,
180,7/10/2025,تشغيل وإدارة منظومة رقمية متكاملة لمبادرة المعلومات الأرصاد والإنذار المبكر لحالات الطقس، تشمل الأنظمة والمنصات الخاصة بجمع وتحليل البيانات الأرصادية، وإصدار الإنذارات، ونشر التقارير، وتقديم الخدمات التفاعلية للمستفيدين، وذلك بهدف تعزيز جاهزية المركز، وتحسين دقة وكفاءة الاستجابة المبكرة للمخاطر المناخية عبر قنوات رقمية موحدة وآمنة. ,المركز الوطني للأرصاد,79.98,https://tenders.etimad.sa/Tender/DetailsForVisitor?STenderId=eVipOZqf1ShCAsFlqj9pQQ==, 2025-08-11,8/12/2025, 2025-08-12 
181,6/29/2025,الترقية والدعم الفني لأجهزة النسخ الاحتياطية في جميع مراكز المعلومات في مدينة الملك عبدالعزيز الطبية بالرياض و مدينة الملك عبدالعزيز الطبية بجدة و مستشفى الملك عبدالعزيز بالأحساء و مستشفى الإمام عبد الرحمن آل فيصل بالدمام و مستشفى الأمير محمد بن عبدالعزيز بالمدينة المنورة التابعة للشؤون الصحية بوزارة الحرس الو طني ,الشؤون الصحیة بوزارة الحرس الوطني,65.03,https://tenders.etimad.sa/Tender/DetailsForVisitor?STenderId=Exr5EYuHNfM8bireJeSnow==, 2025-07-20,8/4/2025, 2025-08-04 
182,7/10/2025,استمرار التطوير لتنفيذ المتطلبات الخاصة بالتطويرات والتحسينات على (الجيل الأول) - الإصدار الحالي - للمنصة الوطنية الموحدة للتوظيف وذلك لضمان تلبية احتياجات الأعمال الحالية واحتياجات المستخدمين والجهات على المنصة الحالية لمدة سنة واحدة فقط، لحين إطلاق (الجيل الثاني) - الإصدار الجديد - من المنصة ,صندوق تنمية الموارد البشرية,78.33,https://tenders.etimad.sa/Tender/DetailsForVisitor?STenderId=EyY*@@**ubaYZUWT7jb7Uh64xA==, 2025-07-30,8/10/2025, 2025-08-10 
183,7/7/2025,ترغب المؤسسة العامة للري ممثلة بإدارة تقنية المعلومات من خلال هذه الوثيقة دعوة الشركات والمؤسسات المتخصصة في مجال تراخيص دعم أنظمة SUSE لتقديم عطاءاتهم لهذه المنافسة. ,المؤسسة العامة للري,58.64,https://tenders.etimad.sa/Tender/DetailsForVisitor?STenderId=DUxtbpKyDVhmIy*@@**OdPo5zg==, 2025-07-17,7/23/2025, 2025-07-23 
184,6/4/2025,يرغب مركز دعم اتخاذ القرار بالديوان الملكي بتطوير منصة رقمية شاملة لإدارة ودعم الأبحاث والدراسات التي يتم إعدادها في المركز، ابتداء من استلام الإحالة أو الطلب لإعداد البحث بتصنيفاته المختلفة (دراسة، تقرير، إيجاز، الخ)، بالإضافة إلى إعداد الأجندة البحثية السنوية ووضع خطط ونطاق العمل لكل مخرج بحثي، مروراً بتقديم خدمات الدعم التي يحتاجها الباحثون والمختصون من الفرق والإدارات المختلفة في المركز، بالإضافة إلى مختبر التحليلات الذي يمكن الباحثين والمختصين من إجراء التحليلات اللازمة، وغير ذلك من الخدمات والعناصر والوظائف. ,مركز دعم اتخاذ القرار,79.6,https://tenders.etimad.sa/Tender/DetailsForVisitor?STenderId=2Kd2dlbGdRYvE7poKY%20MLQ==, 2025-07-21,7/23/2025, 2025-07-23 
185,7/2/2025,توريد كبائن الزيارة ........................................... ,المديرية العامة للسجون,55.26,https://tenders.etimad.sa/Tender/DetailsForVisitor?STenderId=IBeC%20eSJcqJv6HHtAGyqMw==, 2025-07-12,7/28/2025, 2025-07-28 
186,7/9/2025,منافسة إنشاء نظام إدارة معلومات المختبرات والبنك الحيوي السعودي بمركز الملك عبدالله العالمي للأبحاث الطبية بالرياض التابع لجامعة الملك سعود بن عبدالعزيز للعلوم الصحية بوزارة الحرس الوطني ذات الاعلان رقم (كاساو/2025/045) ,جامعة الملك سعود بن عبد العزیز للعلوم الصحیة,72.06,https://tenders.etimad.sa/Tender/DetailsForVisitor?STenderId=Uyj*@@**H4*@@**6mcRcRoPaTi0byg==, 2025-07-31,8/12/2025, 2025-08-12 
187,7/2/2025,التجهيزات الفنية والإدارية لتنظيم فعاليات وورش عمل تطبيقية بأمانة حائل ,أمانة منطقة حائل,58.53,https://tenders.etimad.sa/Tender/DetailsForVisitor?STenderId=nsM9D4NLZ3Io%20qmQpYlQKQ==, 2025-07-12,7/18/2025, 2025-07-18 
188,7/8/2025,صيانة عربات أجهزة تقنية لأجنحة التنويم لمدينة الأمير سلطان الطبية العسكرية ,مستشفى القوات المسلحة بالرياض,64.85,https://tenders.etimad.sa/Tender/DetailsForVisitor?STenderId=vYBs8AUhYcxzUtxynpjQ3Q==, 2025-07-18,7/24/2025,
189,6/1/2025,بما أن القوات الجوية الملكية السعودية ممثلة بإدارة الاتصالات وتقنية المعلومات تمتلك وتستخدم نظام الإمداد الآلي والبرامج والأنظمة المساندة له ومن ضمنها الأنظمة المذكورة في المرفق (أ)، وبما أن القوات الجوية ترغب في تقديم خدمات الدعم والمساندة الفنية لهذه الأنظمة وتشغيلها وصيانتها من قبل مقاول محلي مصنف في مجال الأعمال الإلكترونية أو تقنية الاتصالات أو صيانة وتشغيل الأعمال الإلكترونية أو صيانة وتشغيل تقنية الإتصالات وتقديم الخدمات والدعم الفني والاداري حسب المرفقات الواردة ضمن كراسة الشروط. لذا فقد تم إعداد هذه الشروط والمواصفات للقيام بالمهام والواجبات المطلوبة بقيادة القوات الجوية /إدارة الإتصالات وتقنية المعلومات. علماً بأن مدة التنفيذ المطلوبة لهذا العقد خمس (5) سنوات ميلادية، ستين (60) شهراً ميلادية، تبدأ من تاريخ توقيع العقد . ,القوات الجوية,78.37,https://tenders.etimad.sa/Tender/DetailsForVisitor?STenderId=5b6*@@**e0dwgcx*@@**LXiGbUoVyA==, 2025-07-23,8/3/2025, 2025-08-03 
190,7/1/2025,تجديد رخص الدعم والصيانة لنظام الاتصالات الإدارية ( إجراء) ,جامعة حائل,65.29,https://tenders.etimad.sa/Tender/DetailsForVisitor?STenderId=ns2lKt1d4d0vP2gYAxhhGg==, 2025-07-11,7/17/2025, 2025-07-17 
191,7/13/2025,الاتفاقية الإطارية لتوفير نظام إدارة الاجتماعات واللجان لبرنامج الخدمات المشتركة والجهات المستفيدة من خدماته ,برنامج الخدمات المشتركة,71.4,https://tenders.etimad.sa/Tender/DetailsForVisitor?STenderId=XVosQn7KZnRSzvcbo2d%20VQ==, 2025-07-23,8/13/2025, 2025-08-13 
192,7/15/2025,تأمين وتوريد كاميرات تصوير و ملحقاتها لمعهد قوات الدفاع الجوي ,قوات الدفاع الجوي,58.36,https://tenders.etimad.sa/Tender/DetailsForVisitor?STenderId=nmJzhlJ9ynabw5yElPbAfw==, 2025-08-07,8/12/2025, 2025-08-12 
193,7/14/2025,"
اتمتة دورة الايرادات                                                             ",مستشفى الملك خالد التخصصي للعيون,62.2,https://tenders.etimad.sa/Tender/DetailsForVisitor?STenderId=*@@**ZAzQw8tolPcWaOlRUk5NQ==, 2025-07-19,7/25/2025,
194,7/15/2025,تامين وتوريد نظام جدار الحماية من الجيل التالي NGFW ,أمارة منطقة الرياض,58.44,https://tenders.etimad.sa/Tender/DetailsForVisitor?STenderId=8xkWXKAmjERLbboYyMrKew==, 2025-07-25,7/31/2025, 2025-07-31 
195,7/10/2025,صيانة أنظمة المراقبة للمرافق العامه ,بلدية محافظة بلقرن,78.27,https://tenders.etimad.sa/Tender/DetailsForVisitor?STenderId=FobLxgt5LEkMQnw%20i0ESXQ==, 2025-07-20,7/26/2025, 2025-07-26 
196,7/14/2025,ترغب الهيئة العامة للأوقاف عمل خدمات مدارة لحوكمة معمارية تقنية المعلومات بالهيئة العامة للأوقاف للمركز الرئيسي وفروع الهيئة من خلال هذه الوثيقة دعوة الشركات والمؤسسات المتخصصة في مجال تقنية المعلومات لتقديم عروضها في مجال حوكمة ومعمارية تقنية المعلومات في إطار سعي الهيئة ممثلة بالإدارة العامة لتقنية المعلومات المستمر لاستقطاب أفضل وأحدث التقنيات في شتى المجالات. ,الهيئة العامة للأوقاف,78.62,https://tenders.etimad.sa/Tender/DetailsForVisitor?STenderId=OOcn6C7*@@**vTrZ1iSXvFQq1Q==, 2025-07-24,7/30/2025, 2025-07-30 
197,6/4/2025,منافسة توريد وتشغيل نظام استشارات المرضى المنومين بمستشفى نجران العام الجديد بتجمع نجران الصحي ,تجمع نجران الصحي,64.69,https://tenders.etimad.sa/Tender/DetailsForVisitor?STenderId=YVBqcGQjN5KjKXnJU9eAng==, 2025-07-16,7/17/2025, 2025-07-17 
198,7/3/2025,تقييم مدى فعالية قدرات تعزيز الأمن السيبراني واختباره في الصندوق وذلك من خلال عمل محاكاة لتقنيات الهجوم السيبراني الفعلية وأساليبه، وكذلك اكتشاف نقاط الضعف الأمنية غير المعروفة والتي تؤدي الى الاختراق السيبراني، استجابة للضوابط الأساسية للأمن السيبراني والضوابط الأساسية للأنظمة الحساسة الصادرة من الهيئة الوطنية للأمن السيبراني. ,صندوق التنمية العقارية,77.53,https://tenders.etimad.sa/Tender/DetailsForVisitor?STenderId=pU6RRNYn6WRAj3xLD%20z2dA==, 2025-07-16,7/20/2025, 2025-07-20 
199,7/7/2025,لضمان البنية التحتية الرقمية والتكنولوجية الخاصة بـ MOI، تعد إدارة معلومات الأحداث الأمنية (SIEM) مجموعة من الأدوات والخدمات التي تقدم رؤية شاملة لأمن المعلومات داخل المؤسسة، حيث تراقب جميع الأنشطة المنفذة في البيئة الرقمية، وتساعد الأمن العام على تنفيذ السياسات الخاصة بالتحكم في الأجهزة والوصول إلى المستخدمين، وتحدد سلوك أنظمة المؤسسة سواء في الظروف الطبيعية أو خلال الحوادث الأمنية المحددة مسبقًا. ,الأمن العام (التقنية والذكاء الاصطناعي),79.85,https://tenders.etimad.sa/Tender/DetailsForVisitor?STenderId=yucM5iMxiYLS6Qv6Rk9hfQ==, 2025-07-22,7/24/2025, 2025-07-24 
200,7/2/2025,يسعى بنك التنمية الاجتماعية إلى إنشاء منصة تكامل متطورة وشاملة، وذلك من خلال التعاون مع شريك استراتيجي ذو خبرة عالية. تهدف هذه المبادرة الحيوية إلى تحقيق التكامل السلس للبيانات عبر مجموعة متنوعة من التطبيقات، ومنصات البنك الرقمية بما في ذلك البيئات المحلية والسحابية. كما تسعى المنصة إلى تعزيز الترابط بين البنك وأصحاب المصلحة المختلفين، بما فيهم الشركاء والجهات الحكومية، لتيسير تبادل المعلومات وتقديم خدمات متميزة تدعم رسالة البنك. لتحقيق أهدافه الاستراتيجية، يتبنى بنك التنمية الاجتماعية نهجًا مرنًا وموحدًا في بناء منصة التكامل ,بنك التنمية الاجتماعية,79.18,https://tenders.etimad.sa/Tender/DetailsForVisitor?STenderId=zltyOicWcrAh*@@**ah7tpTbcw==, 2025-07-12,8/2/2025, 2025-08-02 
201,6/22/2025,تأمين رخص نظام النسخ الاحتياطي . ,جامعة الأمير سطام بن عبدالعزيز,61.65,https://tenders.etimad.sa/Tender/DetailsForVisitor?STenderId=qcAzw5CGMknfaoo3roQOOQ==, 2025-07-09,7/16/2025, 2025-07-16 
202,6/30/2025,تعتزم هيئة الزكاة والضريبة والجمارك توظيف رخص يو أي باث العربية (UiPath) لاستخدامها في حالات الأتمتة والموجودة على بيئات الهيئة المختلفة. تدعو الهيئة المنافسين إلى الاطلاع بعناية على شروط طلب تقديم العروض باعتبارها جزءاً من العقد المستقبلي. لا يُرتب هذا الطلب أي التزام تعاقدي إلا بتوقيع عقد رسمي من الطرفين. تحتفظ الهيئة بحق تعديل أو استكمال نطاق طلب العروض وفقاً لمصلحتها. وتؤكد الهيئة التزامها بسرية كافة البيانات والمعلومات المقدمة خلال المنافسة ,هيئة الزكاة والضريبة والجمارك,78.39,https://tenders.etimad.sa/Tender/DetailsForVisitor?STenderId=XpUPbSBjfxGmyQFEEuAanA==, 2025-07-10,7/31/2025, 2025-07-31 
203,7/13/2025,"
تجديد تراخيص أرشفة الصور                                       ",مستشفى الملك خالد التخصصي للعيون,64.94,https://tenders.etimad.sa/Tender/DetailsForVisitor?STenderId=CAz7Tpc*@@**pETlmZWlR*@@**bBhg==, 2025-07-16,7/21/2025,
204,7/8/2025,جهاز تسجيل الاتصالات السلكية والاسلكية بميناء الجبيل التجاري ,ميناء الجبيل التجاري,70.84,https://tenders.etimad.sa/Tender/DetailsForVisitor?STenderId=CTcIQ2m6jORztziVIGdQDw==, 2025-07-20,7/22/2025,
205,7/7/2025,الصيانة المعيارية لمكونات مركز البيانات بجامعة حائل ,جامعة حائل,77.68,https://tenders.etimad.sa/Tender/DetailsForVisitor?STenderId=8a8PEDTuq3c*@@**o7rUpXGQxg==, 2025-07-17,7/23/2025, 2025-07-23 
206,6/17/2025,يهدف هذا المشروع إلى تجديد الرخص الحالية وبناء الأنظمة المتعلقة بالرخص المستحدثة ,محمية الملك عبدالعزيز,78.13,https://tenders.etimad.sa/Tender/DetailsForVisitor?STenderId=Jg6x8qZO2oUVlmh0Mud*@@**QQ==, 2025-06-27,7/18/2025, 2025-07-18 
207,7/7/2025,توريد وتركيب عدد 12 من أجهزة البصمة الخاصة بنظام الحضور مع توفير الدعم والصيانة لمدة 1095 يوم حسب الطلب في مستشفى الإمام عبد الرحمن بن فيصل بالدمام التابع للشؤون الصحية بوزارة الحرس الوطني ,الشؤون الصحیة بوزارة الحرس الوطني,57.83,https://tenders.etimad.sa/Tender/DetailsForVisitor?STenderId=teaNmxD0otJb0iBZ4mxrmw==, 2025-07-17,7/20/2025,
208,7/14/2025,تجديد الرخص في برامج هندسية وبرامج لإدارة مشاريع المؤسسة وفروعها بالمملكة ,المؤسسة العامة للري,71.55,https://tenders.etimad.sa/Tender/DetailsForVisitor?STenderId=cLU61x1AUDmS%20fp05bALqw==, 2025-07-24,7/30/2025, 2025-07-30 
209,7/9/2025,توريد وتركيب نظام ورخص أمن البريد الإلكتروني وملحقاته شامل خدمة الحماية من الاحتيال عبر البريد الالكتروني ونظام الاستجابة للتهديدات وتوفير منصة ادارة متكاملة ما بينهم ,هيئة تقويم التعليم,77.98,https://tenders.etimad.sa/Tender/DetailsForVisitor?STenderId=lv3LQ6NLv%20G4%202GmwwlVPw==, 2025-07-14,7/27/2025, 2025-07-27 
210,7/7/2025,نظام يقوم بالحماية بشكل استباقي من التهديدات المعروفة وغير المعروفة الموجودة في المستندات عن طريق إزالة المحتوى القابل للتنفيذ. ,هيئة تقويم التعليم,77.39,https://tenders.etimad.sa/Tender/DetailsForVisitor?STenderId=NcMVN44EF8chC6lWbL*@@**Wbg==, 2025-07-17,7/23/2025, 2025-07-23 
211,7/13/2025,بعد أن تم تطوير وتنفيذ منصة أصحاب المصلحة في مركز دعم اتخاذ القرار، والتي تُعد مستودعًا للتقارير والدراسات الواردة من مصادر متعددة، مما يتيح للمستخدمين المخولين الاطلاع عليها، فإن المركز يرغب بتواجد فريق فني متخصص في الموقع يضمن تشغيل المنصة بكفاءة، ومعالجة أي مشكلات تقنية فور حدوثها، بالإضافة إلى تنفيذ التحسينات المستمرة لضمان توافق النظام مع احتياجات المركز وتطوره المستقبلي. ,مركز دعم اتخاذ القرار,77.9,https://tenders.etimad.sa/Tender/DetailsForVisitor?STenderId=bTKFRCi82fdN*@@**TE3g89%20ug==, 2025-07-26,7/29/2025, 2025-07-29 
212,7/14/2025,"
وتستخدم إدارة تقنية المعلومات والاتصالات بهيئة المساحة الجيولوجية السعودية في الفترة الحالية أجهزة خادمات وتخزين كبيرة وأجهزة شبكات وتطبيقات وأنظمة حماية وتشغيل ومراقبة وأنظمة أخرى من كبرى الشـركات المصنعة العالمية. وترغب إدارة تقنية المعلومات والاتصالات بهيئة المساحة الجيولوجية السعودية في إسناد أعمال التشغيل والدعم الفني إلى جهة مختصة ذات خبره وكفاءة في مثل هذه الأعمال. لتقوم بتوفير هذه الخدمات لضمان استمرارية العمل وجودته حسب الشروط والمواصفات الواردة في هذه الكراسة.                    ",هيئة المساحة الجيولوجية السعودية,70.92,https://tenders.etimad.sa/Tender/DetailsForVisitor?STenderId=hlzLbmq4LYkUcSGR2yEVJQ==, 2025-07-24,7/30/2025, 2025-07-30 
213,7/8/2025,يرغب مركز برنامج جودة الحياة بتأسيس وتفعيل وحدة إدارة مشاريع التحول الرقمي حيث تُعد من الركائز الأساسية لتحقيق التوافق بين استراتيجية التحول الرقمي وإدارة المشاريع الرقمية، وتعزيز كفاءة الأداء وتحسين استخدام الموارد بما يتماشى مع أفضل الممارسات والمعايير الدولية. ,مركز برنامج جودة الحياة,79.26,https://tenders.etimad.sa/Tender/DetailsForVisitor?STenderId=ogLFfBO8A%206EiQQqjH4k4w==, 2025-07-16,7/24/2025, 2025-07-24 
214,6/30/2025,توريد وتركيب بوابات دخول الموظفين ,هيئة الرقابة ومكافحة الفساد,65.54,https://tenders.etimad.sa/Tender/DetailsForVisitor?STenderId=UW5DFYGlWcE453032b%20M6Q==, 2025-07-10,7/16/2025, 2025-07-17 
215,6/23/2025,يهدف المشروع لتحسين وتطوير الأنظمة والتطبيقات والبوابات الإلكترونية الداخلية والخارجية، من خلال تنفيذ خدمات مدارة ضمن إطار الجولات التطويرية المحددة. سيتم تقديم هذه الخدمات عبر تطبيق الأطر المنهجية لإدارة الخدمات التقنية، مع الالتزام بأفضل الممارسات العالمية في تطوير وتحسين المنصات الرقمية. وذلك لتحقيق الاعمال التالية: • تعزيز كفاءة الأنظمة والخدمات البريدية الالكترونية من خلال الاستفادة من العمليات المطورة سابقاً وإعادة هندستها وفق الاحتياجات المستجدة لتحقيق فعالية أعلى. • توفير خدمات التحسين والتطوير للأنظمة والتطبيقات والخدمات الالكترونية باستخدام أحدث التقنيات والممارسات المعتمدة في مجال هندسة البرمجيات من خلال الجولات التطويرية • ضمان استمرارية الخدمات الإلكترونية البريدية من خلال تلبية المتغيرات والمتطلبات التقنية لتواكب متطلبات الاعمال. • تعزيز تجربة المستخدمين النهائيين للأنظمة والخدمات والتطبيقات البريدية من خلال الجولات التطويرية • تحسين دورات العمل وفق أفضل المعايير والممارسات العالمية المعتمدة. • تحسين تجربة المستخدم للأنظمة البريدية. ,مؤسسة البريد السعودي,79.13,https://tenders.etimad.sa/Tender/DetailsForVisitor?STenderId=1cAN03Fbus8BejxW25yb0w==, 2025-07-03,7/24/2025, 2025-07-24 
216,7/9/2025,يستهدف مراقبة سجلات الأحداث والمراقبة الأمنية على مدار الساعة ,وزارة الصناعة والثروة المعدنية,78.81,https://tenders.etimad.sa/Tender/DetailsForVisitor?STenderId=3TEIvHaPIIht2C4lWD0sbg==, 2025-07-24,8/9/2025, 2025-08-09 
217,6/17/2025,منافسة التشغيل والصيانة لأنظمة الأمن السيبراني بإمارة منطقة الجوف ,أمارة منطقة الجوف,78.19,https://tenders.etimad.sa/Tender/DetailsForVisitor?STenderId=LDvHbFHXUYZO0lZEBAxp5g==, 2025-07-29,7/30/2025, 2025-07-31 
218,7/10/2025,الهدف من المشروع هو تعزيز التوافرية للبيئة المعزولة من خلال بناء وتجهيز جميع المكونات التقنية للبيئة في الموقع الاحتياطي، ويشتمل المشروع على توريد وتركيب الأجهزة والرخص مع الدعم الفني، والخاصة بالأنظمة والأجهزة التشغيلية للبنية التحتية للبيئة المعزولة. ,الهيئة الوطنية للأمن السيبراني,77.69,https://tenders.etimad.sa/Tender/DetailsForVisitor?STenderId=9WRXZztmns8odPG6TofBwA==, 2025-07-20,8/11/2025, 2025-08-11 
219,7/10/2025,ترغب المؤسسة العامة للري: بتطوير برنامج إدارة معلومات المختبري (LIMS) لإدارة نظام الاعمال البيئية (ُEMS) فهو من العمليات والممارسات للتي تمكن المؤسسة من إدارة التزاماتها البيئية وزيادة كفاءتها التشغيلية وفق متطلبات ISO 14001 ليحقق الأهداف التالية للمؤسسة العامة للري: • تعزيز الأداء البيئي للمختبرات • الوفاء بالتزامات والامتثال • تحقيق الأهداف البيئية المتماشي مع المركز الوطني للرقابة على الالتزام البيئي ,المؤسسة العامة للري,77.59,https://tenders.etimad.sa/Tender/DetailsForVisitor?STenderId=6QQvanQZ6m9sQcte5cFHFg==, 2025-07-20,7/26/2025, 2025-07-26 
220,7/13/2025,تسعى الهيئة السعودية للسياحة لتنفيذ مبادرة شاملة لحماية البيانات الشخصية لضمان الامتثال مع نظام حماية البيانات الشخصية في المملكة العربية السعودية PDPL، وتحقيق أعلى المعايير العالمية في حماية البيانات الشخصية، تجهيز الهيئة لشهادة ISO 27701 وذلك لتعزيز قدراتنا لإدارة إجراءات الخصوصية والامتثال لها. ,الهيئة السعودية للسياحة,77.13,https://tenders.etimad.sa/Tender/DetailsForVisitor?STenderId=Yp71bu9XEnolgmH2MKGIzg==, 2025-07-18,8/1/2025, 2025-08-01 
221,7/3/2025,يرغب برنامج الخدمات الصحية بالجبيل بتجديد اعتماد المنظمة العالمية لجمعية نظم وإدارة المعلومات الصحية HIMSS، والتي تهدف لتحسين جودة وسلامة وفعالية الرعاية الصحية من خلال قياس ومشاركة أفضل المعايير والممارسات في الاستخدام الأمثل لتكنولوجيا المعلومات وأنظمة المعلومات الصحية وتطبيق حلول مبتكرة في تحسين إدارة المعلومات الصحية و الجودة وسلامة المرضى. و تقدم حلولاً قيادية ومبتكرة لمساعدة مقدمي الرعاية الصحية في جميع الإعدادات اللازمه لتحسين الأداء. ,برنامج الخدمات الصحيه بالهيئة الملكية بالجبيل,77.43,https://tenders.etimad.sa/Tender/DetailsForVisitor?STenderId=cJOiNvBdhCDx7g4bsj9TWQ==, 2025-07-21,7/24/2025, 2025-07-24 
222,7/10/2025,ترغب الهيئة بدعوة الشركات والمؤسسات المتخصصة لتقديم عروضها لتفعيل قدرات إدارة وحوكمة البيانات في الهيئة العامة لعقارات الدولة وذلك من خلال تحديث استراتيجية البيانات لتتواءم مع آخر تحديث لاستراتيجيتها ولتتواءم مع متطلبات مؤشر البيانات الوطنية (نضيء) كما تشمل هذه الوثيقة على الشروط المرجعية التي يجب على مقدمي العروض التقيد بها، وتوضح الإرشادات والتعليمات التنظيمية الموجهة للراغبين في التقدم بعروضهم، لذا فإنه من الأهمية قراءة هذه الوثيقة بتمعن، وإتباع التعليمات والإرشادات والبيانات الواردة بها. ,الهيئة العامة لعقارات الدولة,78.41,https://tenders.etimad.sa/Tender/DetailsForVisitor?STenderId=7sh3nbaNHZoqYQoNUnbXxQ==, 2025-07-30,8/10/2025, 2025-08-10 
223,7/3/2025,تهدف المنافسة إلى تجديد رخصة نظام التبرع بالدم لمدة (ثلاث سنوات ميلادية) وتطوير نظام مختبر مستشفى الملك عبد الله الجامعي، وفقا لكراسة الشروط والمواصفات الخاصة بهذه المنافسة. ,جامعة الأميرة نورة بنت عبدالرحمن,57.49,https://tenders.etimad.sa/Tender/DetailsForVisitor?STenderId=FRYrlWrwutP32PiAkKAi%20Q==, 2025-07-28,8/4/2025, 2025-08-04 
224,7/2/2025,يهدف هذا المشروع إلى توفير التراخيص الرسمية وخدمات الدعم الفني للنظام الطبي الإلكتروني المستخدم في مستشفى الملك فهد الجامعي بالخبر، وذلك لضمان استمرارية تشغيله بكفاءة عالية ووفقًا للمعايير والأنظمة الوطنية المعتمدة في القطاع الصحي. ويتضمن ذلك: تأمين التراخيص الأصلية للنظام الطبي لضمان الاستخدام القانوني والاستفادة من التحديثات والدعم الرسمي من الشركة المزودة. تقديم خدمات الدعم الفني والصيانة للنظام، وتشمل: • معالجة الأعطال والمشكلات التقنية بشكل سريع وفعّال. • تنفيذ التحديثات الدورية لتحسين الأداء والحماية. • تقديم الإرشادات والدعم الفني للكوادر المعنية بتشغيل النظام. • ضمان استمرارية النظام الطبي دون انقطاع، بما يساهم في الحفاظ على جودة الخدمة الصحية وسلامة المرضى. • تحقيق التوافق مع الأنظمة والسياسات الوطنية المعتمدة في مجال تقنية المعلومات الصحية. ,جامعة الإمام عبدالرحمن بن فيصل,71.32,https://tenders.etimad.sa/Tender/DetailsForVisitor?STenderId=IF*@@**gN5DVBQrSwxpEW2VdYw==, 2025-07-12,8/2/2025, 2025-08-02 
225,7/7/2025,"
تجديد أجهزة وخوادم نظام النسخ الاحتياطي في المديرية العامة للجوازات                    ",المديرية العامة للجوازات,71.28,https://tenders.etimad.sa/Tender/DetailsForVisitor?STenderId=WdfSNVWVYOoFXp%204EWOZ0Q==, 2025-07-22,7/29/2025, 2025-07-29 
226,7/9/2025,"مواكبة للتقدم التقني السريع على المستويين العالمي والمحلي , ولما يشهده البريد السعودي | سبل من نقلة نوعية وتحول كبير في أتمتة العمليات البريدية والتطور التقني في العمليات البريدية بهدف تحسين جودة الخدمة وضمان السرعة والدقة المطلوبة في إنجاز الخدمة يضاف إلى ذلك المحافظة على استمرارية الأنظمة بتوفير الدعم اللازم والمحافظة على استمرار عملية التطوير بما يفي بمتطلبات قطاع العمليات ولما لنظام وأجهزة تتبع الإرساليات بتقنية موجات الراديو RFID من دور رئيس في هذه العملية، يرغب البريد السعودي | سبل في طرح مشروع صيانة ودعم فني وتطوير نظام تتبع الإرساليات بتقنية موجات الراديو RFID. ",مؤسسة البريد السعودي,77.81,https://tenders.etimad.sa/Tender/DetailsForVisitor?STenderId=RLKsNhN8cowIvV*@@**jD698Sg==, 2025-07-29,8/9/2025, 2025-08-09 
227,7/1/2025,يسعى الصندوق في هذه الكراسة إلى تشغيل مكتب إدارة البيانات كجزء من خارطة الطريق لاستراتيجية البيانات، وذلك بهدف التعامل مع البيانات كأحد الأصول الهامة والتي من شأنها تعزيز الثقة في البيانات ورفع درجة الشفافية لها ، مما له الأثر في الاعتمادية عليها من قبل أصحاب القرار. ,صندوق التنمية العقارية,79.23,https://tenders.etimad.sa/Tender/DetailsForVisitor?STenderId=kYg2FysCHQjhb8UFXnB3ww==, 2025-07-11,7/17/2025, 2025-07-17 
228,7/13/2025,تسعى هيئة تطوير محمية الملك عبد العزيز الملكية لطرح مشروع توريد وتركيب نظام تطوير الموارد المؤسساتية لتعزيز تكامل الانظمة المالية والادارية والمستودعات لزيادة الكفاءة الانتاجية من خلال وضع تصور مستقبلي وإطار متكامل للخدمات. ,محمية الملك عبدالعزيز,71.47,https://tenders.etimad.sa/Tender/DetailsForVisitor?STenderId=B8b0wPhZMLtigzdeF5IKuA==, 2025-07-23,7/29/2025, 2025-07-29 
229,7/15/2025,"
تامين وتوريد وتشغيل نظام حلول النسخ الاحتياطي من Veeam                    ",أمارة منطقة الرياض,58.13,https://tenders.etimad.sa/Tender/DetailsForVisitor?STenderId=xFsp4k0ojj9ovIUYtW109Q==, 2025-07-25,7/31/2025, 2025-07-31 
230,7/2/2025,القيام بتوفير رخصة موسوعة التثقيف الصحي للمواقع الاكتروني لتجمع الشرقية الصحي ,تجمع الشرقية الصحي,64.81,https://tenders.etimad.sa/Tender/DetailsForVisitor?STenderId=dZYSoixutR1Xe184nmBgGA==, 2025-07-14,7/20/2025, 2025-07-21 
231,7/7/2025,تامين وتوريد وتركيب نظام ادارة الهوية والوصول بامارة منطقة الرياض ,أمارة منطقة الرياض,77.99,https://tenders.etimad.sa/Tender/DetailsForVisitor?STenderId=gN8hAshU6P7VJYuAKc*@@**OgA==, 2025-07-17,7/23/2025, 2025-07-23 
232,7/14/2025,مشروع توفير دائرة وصلة البيانات DWDM ,هيئة الرقابة ومكافحة الفساد,58.38,https://tenders.etimad.sa/Tender/DetailsForVisitor?STenderId=CDKc8q86bERFM8*@@**Z*@@**ijdvA==, 2025-07-24,7/30/2025, 2025-07-30 
233,6/18/2025,يهدف مشروع مركز الاتصال للعناية بالمستفيدين وإدارة تجارب العملاء، الذي ينفذه تجمع جازان الصحي، إلى توفير دعم وإرشاد مستمر للمستفيدين، من خلال مركز اتصال متعدد القنوات. يهدف المشروع أيضًا إلى تحسين تجربة العملاء وتوفير الخدمات بجودة عالية، وذلك عبر الشراكة مع شريك تشغيلي مؤهل. يتضمن ذلك توفير قنوات اتصال متعددة ومرافق تشغيلية وتقنية متطورة، بالإضافة إلى تدريب العاملين لضمان أفضل مستويات الأداء والخدمة. ويهدف مركز الاتصال إلى تسهيل وصول العملاء للخدمات وتسهيل عمليات الاستفسار ورفع البلاغات، وتحسين خدمة الدعم والمساندة لمستفيدي تجمع جازان الصحي وتعزيز رضا العملاء وتحسين تجربتهم باستمرار، تطوير خدمات المتعاملين واعتماد أفضل الممارسات والمعايير العالمية في جميع المهام الخدمية. توفير الخدمة والمعلومة الأفضل من خلال نقطة اتصال موحدة ومتخصصة. سرعة تنفيذ وإنهاء طلبات الخدمة مع الحفاظ على جودة عالية وتواصل فعّال مع العملاء. الاستفادة من مجموعات المهارات المتخصصة وتعزيز العمل الجماعي والتواصل الفعّال بين أفراد الفريق.التركيز على تحسين تجربة العملاء وتبني نهج استباقي لخدمتهم وتحسين العمليات بشكل دائم قيمة وثائق المنافسه ,تجمع جازان الصحي,77.48,https://tenders.etimad.sa/Tender/DetailsForVisitor?STenderId=QoWuMJ6SdLat*@@**TRqKEmYtg==, 2025-07-19,7/20/2025, 2025-07-20 
234,6/15/2025,ترغب هيئة تطوير المدينة المنورة بدعوة المقاولين المتخصصين في الخدمات المدارة لتخطيط الموارد الحكومية ـ والذين لديهم القدرة والرغبة والخبرة لتنفيذ مشروع الخدمات المدارة لتخطيط الموارد الحكومية بهيئة تطوير المدينة المنورة لإرسال عروض ملائمة وفقا للمواصفات الفنية والشروط الخاصة الموجودة بهذه الكراسة. وسيتيح هذا المشروع التمكن من الحفاظ على مكونات البيئة الخاصة بتقنية المعلومات في الهيئة والتي تم بناؤها وكذلك متابعة أعمال التطوير والتوسعة مستقبلا وتقديم أفضل الخدمات لتقنية المعلومات. كما ترغب الهيئة أن تواكب عمليات تشغيلها وأنظمتها أفضل الممارسات العالمية والتطورات التقنية، وأن تتصف أنظمة العمل التقنية بالمرونة والقدرة على التأقلم مع المستجدات والقدرة على استيعاب الطلب المتزايد على خدمات الهيئة في أي وقت وفي أي زمان ومن خلال وسائط متعددة ,هيئة تطوير منطقة المدينة المنورة,79.28,https://tenders.etimad.sa/Tender/DetailsForVisitor?STenderId=amQmV02ZIKWsQg3SBFGjZQ==, 2025-07-20,7/30/2025, 2025-07-30 
235,7/2/2025,الترقية التطويرية وإصلاح البنية التحتية لنظام البيئة الخاصة بعلاج الإدمان والمؤثرات العقلية (SCC) المرتبط بالنظام المعلوماتي الصحي (CareWare) المطبق حالياً بمركز الاستشارات الاجتماعية (Social Counseling Center) التابع للإدارة العامة للخدمات الطبية، وفق متطلبات وخصائص وآلية ومعايير وضوابط وشروط معينة لتسلسل المراحل العلاجية وتطبيق سياسات عالية في حفظ سرية وخصوصية ومحدودية مشاركة بيانات المرضى متلقي العلاج بمركز الاستشارات الاجتماعية، وتطبيق أعلى معايير الجودة الطبية بشكل منهجي ومنظم لتحسين حياة المرضى وتحقيق نتائج مستدامة تسهم في تقليل نسب الانتكاسة والعودة إلى الإدمان. ,الإدارة العامة للشؤون الإدارية والمالية,77.08,https://tenders.etimad.sa/Tender/DetailsForVisitor?STenderId=dYDQmtgf%20ElnowrCsQgH9Q==, 2025-07-12,7/23/2025, 2025-07-24 
236,6/18/2025,صيانة نظام إدارة الأصول الخاصة بمركز الأمير سلطان لمعالجة أمراض وجراحة القلب ,مركز الأمير سلطان لأمراض وجراحة القلب,77.94,https://tenders.etimad.sa/Tender/DetailsForVisitor?STenderId=O3RsuLOIa*@@**xgjTo2noFZNg==, 2025-06-28,7/25/2025, 2025-07-27 
237,7/3/2025,يهدف الصندوق على توفير خدمة إدارة العمليات الأمنية وإجراءات التجاوب مع الحوادث الأمنية والمراقبة المستمرة للأحداث والسجلات (SOC as a service and MDR) لرفع مستوى الحماية للصندوق والمراقبة المستمرة للمخاطر الخارجية والداخلية وذلك بناء عليه سيتم منح نظام الـ SIEM صلاحية الوصول لمقدم الخدمة ليقوم بأعمال المراقبة والرصد والاستجابة على الانظمة الأمنية والتنسيق مع موظفي الصندوق فيما يخص الاستجابة على الأنظمة الأخرى التي يمتلكها الصندوق وادارتها ودعمها. ,صندوق التنمية العقارية,79.9,https://tenders.etimad.sa/Tender/DetailsForVisitor?STenderId=tmnsQwDJOqFH5KT0aIsKBA==, 2025-07-28,8/3/2025, 2025-08-03 
238,7/14/2025,صيانة وتشغيل جهاز تسجيل المحادثات 998 بإدارت الدفاع المدني بمنطقة جازان ,ادارة الشؤون الفنية المركزية بمنطقة جازان,57.73,https://tenders.etimad.sa/Tender/DetailsForVisitor?STenderId=nROuQwyiryk9WhUHj6%204hg==, 2025-07-19,7/21/2025,
239,7/6/2025,مشروع توريد و تركيب و تشغيل نظام ادارة المكتبة المركزية بجامعة الملك فيصل ,جامعة الملك فيصل,64.33,https://tenders.etimad.sa/Tender/DetailsForVisitor?STenderId=Oa3JOkFrzlpAEP6m*@@**w*@@**rKw==, 2025-07-24,7/27/2025, 2025-07-28 
240,7/6/2025,تجديد رخص ادوبي حاجة الكليات والعمادات بجامعة الملك فيصل ,جامعة الملك فيصل,55.1,https://tenders.etimad.sa/Tender/DetailsForVisitor?STenderId=lgpxRS7ZS0eDjO%207bP0a9A==, 2025-07-16,7/22/2025, 2025-07-23 
241,7/10/2025,تأمين احتياج تجمع جدة الصحي الأول من الاحبار ,تجمع جدة الصحي الاول,64.11,https://tenders.etimad.sa/Tender/DetailsForVisitor?STenderId=SDqOpr41C33T5AjR*@@**1nzAA==, 2025-07-14,7/16/2025,
242,7/8/2025,تجديد رخص نظام إدارة هويات الدخول والصلاحيات لأمن المعلومات (Privilege Access Management - PAM) وهو تعزيز أمان المعلومات داخل المؤسسة من خلال تجديد وتحديث تراخيص النظام الذي يتيح مراقبة وإدارة وصول المستخدمين ذوي الصلاحيات العالية. يهدف المشروع إلى ضمان حماية الأنظمة والبيانات الحساسة من الوصول غير المصرح به، وتقليل المخاطر المتعلقة بالثغرات الأمنية عن طريق التحكم الصارم في امتيازات الوصول. ,جامعة الإمام عبدالرحمن بن فيصل,78.32,https://tenders.etimad.sa/Tender/DetailsForVisitor?STenderId=ZToUJYpnWryQCwity8Pmyw==, 2025-07-18,7/24/2025, 2025-07-24 
243,6/2/2025,تجديد الاشتراكات السنوية لطائرات هيئة المساحة الجيولوجية السعودية من طراز بيل 206/429. ,هيئة المساحة الجيولوجية السعودية,50.66,https://tenders.etimad.sa/Tender/DetailsForVisitor?STenderId=oiOWTI1iGEVJPa2HxuofzA==, 2025-07-08,7/16/2025, 2025-07-17 
244,7/8/2025,تهدف الكراسة الى تزويد كافة المعلومات والبيانات اللازمة للموردين لتحضير وتقديم عروضهم لمشروع (تجديد الخدمة السحابية لخدمة الاتصال الموحد) آخذين بالاعتبار جميع متطلبات تنفيذ المشروع. حيث ان المعلومات المذكورة في هذه الكراسة تهدف الى مساعدة المتقدمين في تحضير العروض ,وزارة الموارد البشرية والتنمية الاجتماعية,70.95,https://tenders.etimad.sa/Tender/DetailsForVisitor?STenderId=%20X*@@**QPho6EkrskBdejqNVeg==, 2025-07-28,8/8/2025, 2025-08-08 
245,7/13/2025,القيام بتجهيز بنية تحتية لمبنى رقم 6 بمستشفى الولادة والأطفال بالدمام ,تجمع الشرقية الصحي,70.85,https://tenders.etimad.sa/Tender/DetailsForVisitor?STenderId=6HH2qkeKtvgxqYhX%20mvPVA==, 2025-07-23,7/29/2025, 2025-07-29 
246,7/13/2025,توريد و تركيب قطع غيار تكييف نوع APC لمركز البيانات ,النيابة العامة,51.06,https://tenders.etimad.sa/Tender/DetailsForVisitor?STenderId=aMHcoC4T7s1OyThocCccVg==, 2025-07-18,7/21/2025,
247,7/13/2025,عملية ربط خطوط الهواتف الثابتة بالفايبر بفرع الإدارة العامة للمجاهدين بمنطقة الرياض ,الادارة العامة للمجاهدين,57.47,https://tenders.etimad.sa/Tender/DetailsForVisitor?STenderId=UDoWFkPs4bPZiD6LPzxYoQ==, 2025-07-14,7/16/2025,
248,7/15/2025,تشغيل وتطوير مركز اتصال لخدمات العملاء والمستفيدين ,الهيئة العامة للمساحة والمعلومات الجيومكانية,78.32,https://tenders.etimad.sa/Tender/DetailsForVisitor?STenderId=UqFzUbMewaeWif4JEY692g==, 2025-07-20,7/31/2025, 2025-07-31 
249,6/19/2025,تحسين وتشغيل نظام الموارد الحكومية في وزارة الموارد البشرية والتنمية الاجتماعية ,وزارة الموارد البشرية والتنمية الاجتماعية,77.46,https://tenders.etimad.sa/Tender/DetailsForVisitor?STenderId=B*@@**DdaGuWZucOBx0sYCkaRg==, 2025-07-09,7/20/2025, 2025-07-20 
250,6/23/2025,تتطلع هيئة التأمين إلى الشركات ذات الخبرة الواسعة للعمل على تأسيس وتوفير خدمات التجهيز التقني وأنظمة مركز الاتصال الموحد لتحقيق الغايات والأهداف الإستراتيجية بالطريقة الأكثر فعالية. بحيث تتولى الشركة المشغلة كافة الفعاليات في تقديم الخدمات للمشروع من ناحية (المقر التشغيلي والبنية التقنية والتحتية والمتطلبات التشغيلية لمركز الاتصال والعناية بالمستفيدين)، وبما يحقق كافة المتطلبات الفنية والتقنية لتشغيل مركز الاتصال بهدف تفعيل آليات وقنوات التواصل التفاعلية مع المستفيدين بجودة وكفاءة عالية، لخدمة ودعم وتعزيز التواصل مع كافة المستفيدين من خدمات الهيئة. ,هيئة التأمين,77.72,https://tenders.etimad.sa/Tender/DetailsForVisitor?STenderId=pa8rbv6eD363J8HaPy%20meg==, 2025-07-11,7/24/2025, 2025-07-24 
251,7/2/2025,"
توسعة وحدات تخزين نظام الاشعة بمركز الامير خالد بن سلطان لأمراض القلب                    ",مستشفى خميس مشيط,61.16,https://tenders.etimad.sa/Tender/DetailsForVisitor?STenderId=eBqfqlNi7l1O8uTQAlNXMQ==, 2025-07-30,8/4/2025, 2025-08-04 
252,7/3/2025,خدمة إلكترونية (خدمة شهادة خلو السوابق) تمكّن الجهات المصرحة من الاطلاع على شهادة خلو السوابق إلكترونيًا عبر بوابة أمن؛ وذلك بعد موافقة المستفيد من الخدمة، وذلك لغرض خدمة شهادة خلو السوابق للموظفين الجدد والموظفين الحاليين على رأس العمل. ,الادارة العامة لمشروع الجبيل,70.52,https://tenders.etimad.sa/Tender/DetailsForVisitor?STenderId=APpPjIG4%205T9hcKlZloUgQ==, 2025-07-20,7/24/2025,
253,7/6/2025,تطبيق نفاذ لاستخدام الموقع الإلكتروني الخارجي والخدمات التابعة له . ,المؤسسة العامة للصناعات العسكرية,77.41,https://tenders.etimad.sa/Tender/DetailsForVisitor?STenderId=OyVLF8LukR%20ZV0IY3vz3YQ==, 2025-07-16,7/17/2025,
254,7/15/2025,يهدف المشروع إلى تجديد رخصة نظام التذاكر المتعلقة بالتنبيهات والإشعارات الخارجية للنظام القائم حالياً والمعمول به في المجلس ، والذي يمكن المجلس من إرسال التنبيهات والإشعارات حسب إستخدامات المجلس، مع خدمة الدعم الفني للرخصة. ,مجلس الضمان الصحي,77.14,https://tenders.etimad.sa/Tender/DetailsForVisitor?STenderId=mpEv6JOKaBfb1aEoWunZXA==, 2025-07-18,7/22/2025,
255,7/8/2025,يستهدف برنامج الخدمات المشتركة توسعة نطاق توفير الخدمات الرقمية ، من خلال العمل على توفير أنظمة متخصصة في التحول الرقمي ، ومنها نظام الاتصالات الادارية. ويتحقق الهدف عن طريق العمل مع شركات متخصصة في التحول الرقمي و تقديم الخدمات المتخصصة للمنصات الرقمية المعنية بإدارة نظام الاتصالات الاداريه ، و توفير متخصصين في تقديم الخدمات الرقمية على مستوى البرنامج و الجهات المستفيدة من خدماته. ,برنامج الخدمات المشتركة,78.96,https://tenders.etimad.sa/Tender/DetailsForVisitor?STenderId=jv45GQw4IYZ*@@**sNKmgeLLDg==, 2025-07-23,8/8/2025, 2025-08-08 
256,7/15/2025,توريد طابعات مع أحبار إحتياطية لمستشفى الملك سلمان التخصصي بالطائف التابع للشؤون الصحية بوزارة الحرس الوطني ,الشؤون الصحیة بوزارة الحرس الوطني,50.78,https://tenders.etimad.sa/Tender/DetailsForVisitor?STenderId=PKsPH3oQ1uc9JJ9QdA1Y5Q==, 2025-07-18,7/26/2025,
257,7/2/2025,نقل مركز البيانات الرئيسي وانشاء مركز بيانات احتياطي للأنظمة هيئة الهلال الأحمر السعودي ,هيئة الهلال الأحمر السعودي,77.15,https://tenders.etimad.sa/Tender/DetailsForVisitor?STenderId=V8oAtBTgjjjKUFT1NaRO%20w==, 2025-07-12,8/2/2025, 2025-08-02 
258,6/26/2025,مشروع بناء منصة اعتماد المنشآت الصحية للمركز السعودي لاعتماد المنشآت الصحية ,المركز السعودي لاعتماد المنشآت الصحية,77.43,https://tenders.etimad.sa/Tender/DetailsForVisitor?STenderId=7SJzG5nWlz32fPWews0Pzw==, 2025-07-23,7/27/2025, 2025-07-27 
259,7/7/2025,تامين وتوريد رخص واجهزة التبديل Access Switch 9200 بامارة منطقة الرياض ,أمارة منطقة الرياض,53.9,https://tenders.etimad.sa/Tender/DetailsForVisitor?STenderId=jPyIqfgDEt7qVUSxlwwJqQ==, 2025-07-17,7/23/2025, 2025-07-23 
260,7/9/2025,نظرة عامة: مبادرة السوق الرقمي التابعة للهيئة السعودية للسياحة يعد السوق الرقمي مبادرة استراتيجية قدمتها الهيئة السعودية للسياحة لدعم التوزيع الرقمي للتجارب والخدمات السياحية في المملكة العربية السعودية. يربط السوق السياحي الموردين المحليين في القطاع السياحي بالموزعين المحليين والعالميين، مما يمكنهم من عرض وإدارة وبيع منتجاتهم من خلال سوق موثوق ومركزي. الأهداف الرئيسية للمبادرة تشمل: • زيادة ظهور وانتشار العروض السياحية المحلية. • تمكين الحجز الرقمي من خلال قنوات التوزيع المحلية والدولية. • تحسين جودة واتساق المحتوى والمخزون السياحي. • توفير نقطة دخول واحدة للموردين للوصول إلى الطلب العالمي. منصة V3 Tourism Exchange تستخدم الهيئة السعودية للسياحة منصة V3 Tourism Exchange كممكن تقني لمبادرة السوق الرقمي. وتوفر هذه التقنية الإمكانيات التالية: • التكامل مع أنظمة الحجز والمخزون الخاصة بالموردين. • إدارة محتوى المنتجات السياحية، والتسعير، والتوافر. • إدارة العقود وقواعد الأعمال بين الموردين والموزعين. • الاتصال بالأسواق العالمية ومنصات الحجز الإلكترونية والموزعين من قطاع الأعمال. ,الهيئة السعودية للسياحة,78.14,https://tenders.etimad.sa/Tender/DetailsForVisitor?STenderId=Clfx63boAv2YYR7QgfrRlg==, 2025-07-19,8/9/2025, 2025-08-09 
261,6/30/2025,"
                 تطوير وتشغيل تطبيق موارد                    ",وزارة الصحة الديوان العام,71.2,https://tenders.etimad.sa/Tender/DetailsForVisitor?STenderId=YEuh%20LufBAQyEB5ZaahNuw==, 2025-07-20,7/31/2025, 2025-07-31 
262,7/6/2025,توريد جهاز ناشر الأقراص الطبية (MEDICAL DISC PUBLISHER) لمستشفى الملك سلمان التخصصي بالطائف التابع للشؤون الصحية بوزارة الحرس الوطني ,الشؤون الصحیة بوزارة الحرس الوطني,50.16,https://tenders.etimad.sa/Tender/DetailsForVisitor?STenderId=%20xmTzmWgzIv0Ly3BJy5UJA==, 2025-07-09,7/17/2025,
263,7/7/2025,حجز مساحة وتصميم وتنفيذ جناح المجلس الصحي السعودي في ملتقى الصحة العالمي 2025م ,المجلس الصحي السعودي والمراكز التابعة له,60.77,https://tenders.etimad.sa/Tender/DetailsForVisitor?STenderId=pBz2obuTcm1BK98Uoe0O6g==, 2025-07-17,7/23/2025, 2025-07-23 
264,6/26/2025,مشروع بناء وتطوير نظام وطني لإدارة التعلم يلبي احتياج الجهات التعليمية والتدريبية، يدعم التعلم الرقمي في المملكة العربية السعودية، مقدّم للجهات التعليمية والتدريبية من الجهات الحكومية وشبه الحكومية وغير الربحية في المملكة العربية السعودية. ,المركز الوطني للتعليم الالكتروني,76.48,https://tenders.etimad.sa/Tender/DetailsForVisitor?STenderId=AqUldHyDouyAFK%20tKM70CA==, 2025-07-26,7/30/2025, 2025-07-30 
265,6/16/2025,"تأسست الأمانة العامة للجان الفصل في المنازعات والمخالفات التأمينية بموجب المرسوم الملكي رقم (م / ۳۲) وتاريخ (۰۲ / ۰٦ / ۱٤۲٤هـ), والمعدل بموجب المرسوم الملكي رقم (م / ۳۰) وتاريخ (۲۷ / ۰٥ / ۱٤۳٤هـ) تحت مظلة البنك المركزي السعودي (ساما), و بموجب المرسوم الملكي رقم 85 بتاريخ 15 أغسطس 2023 تم تأسيس هيئة التأمين، والتي تعتبر الجهة المنظمة للتأمين في المملكة العربية السعودية لتصبح الجهة التنظيمية المتخصصة بالقطاع التأميني في المملكة, وتم نقل الأمانة العامة للجان الفصل في المنازعات والمخالفات التأمينية تحت مظلتها.. وعليه تهدف الأمانة العامة للجان الفصل في المنازعات والمخالفات التأمينية وهيئة التأمين الى الاستمرار فى تشغيل أهم أنظمتها ويتطلب هذا توجهًا قويا ونهجا عمليًا لتصميم تحسينات مستمرة على المدى الطويل والحصول على خدمات التقنية المدارة لنظام خدمة العملاء الخاص بالأمانة العامة للجان الفصل في المنازعات والمخالفات التأمينية على مدة 12 شهرًا مع التوضيح ان الوصف الحالي للأنظمة موضح في المرفقات ادناه. ",هيئة التأمين,77.09,https://tenders.etimad.sa/Tender/DetailsForVisitor?STenderId=gB7VlAXwsxqRw2N3pDIPXw==, 2025-07-04,7/17/2025, 2025-07-17 
266,6/24/2025,انشاء منصة إلكترونية خاصة بمرضى السكر بتجمع حائل الصحي ,تجمع حائل الصحي,77.6,https://tenders.etimad.sa/Tender/DetailsForVisitor?STenderId=XeRni*@@**ngEXSjtyDnLkdjHA==, 2025-07-10,7/16/2025, 2025-07-16 
267,7/9/2025,تهدف هذه المنافسة إلى نقل وتشغيل العتاد والأصول التقنية الخاصة بهيئة تطوير منطقة مكة المكرمة من مقر الهيئة السابق بمدينة مكة إلى مقر الهيئة الحالي بمحافظة جدة. ,هيئة تطوير منطقة مكة المكرمة,59.96,https://tenders.etimad.sa/Tender/DetailsForVisitor?STenderId=aMzfrRL9hHykgw3XRZdSBg==, 2025-07-19,7/27/2025,
268,7/6/2025,تماشيا مع أهداف جامعة الطائف إلى التعاقد مع إحدى الشركات المتخصصة في مجال تطوير و تشغيل أنظمة الاتصالات الإدارية وتطبيق منصة برمجية واحدة (Platform) تشمل نظام المعاملات الإلكترونية (Correspondence Management System) ومنصة لتكامل هذا النظام مع الأنظمة الحالية لتتوافق مع تطلعات جامعة الطائف لإنشاء نظام مركزي موحد يتسم بدرجه عالية من الاحترافية والجودة الشاملة مع أعلى درجات السرية والأمان للوثائق والمعاملات ولذلك يسعى جامعة الطائف بالتعاقد مع احدى الشركات المتخصصة في بتنفيذ مشروع نظام المراسلات في المقر الرئيسي جامعة الطائف والكائن في مدينة الطائف، المملكة العربية السعودية، لتحقيق أهداف ومتطلبات جامعة الطائف ,جامعة الطائف,76.43,https://tenders.etimad.sa/Tender/DetailsForVisitor?STenderId=ZGcJw8GvL9Wz3kudoNy0MA==, 2025-07-16,7/24/2025, 2025-07-24 
269,7/14/2025,ASUS PCE-AXE59BT WIFI6 6E AX5400 PCI-E ADAPTER WITH 2 EXTERNAL ANTENNAS AND MAGETIZED BASE ,مستشفى مجمع الملك فهد الطبي بالظهران,49.2,https://tenders.etimad.sa/Tender/DetailsForVisitor?STenderId=zyC3rbEH%20pZpbKL7mRlfdw==, 2025-07-24,7/30/2025,
270,7/14/2025,"
POWER SUPPLY BOARD (220V) FOR OKI C711 PRINTER                              ",مستشفى مجمع الملك فهد الطبي بالظهران,46.97,https://tenders.etimad.sa/Tender/DetailsForVisitor?STenderId=WB4MdtPkEoect0uC*@@**QYPnA==, 2025-07-24,7/30/2025,
